"LIF_ID";"LIF_NAME";"LFK_NR";"VLS_CODE";"VLS_NAME";"VLS_VON";"VLS_BIS";"WST_EAN13";"WST_BSTNR";"WST_NAME";"WST_NAME2";"WST_PAKE";"PACK_A";"WST_PAKI";"WST_PAKE1";"WST_INH_N";"GEH_CODE";"WGR_NAME";"WUG_NAME";"LRZ_CODE";"WST_KINF";"WST_0CA";"WST_0ABOK";"WST_ILN";"WST_ARTNR";"WST_ANZ";"WRG_CODE";"PAT_CODE";"G_PRS";"E_PRS";"KIP";"MSK_ID";"AW";"AC";"AE";"AF";"AP";"AY";"AM";"AN";"BC";"BM";"AS";"AU";"NL";"UM";"UW";"NR";"GB";"GO";"GS";"GK";"SA";"SH";"SW";"SC";"SP";"SR";"ST";"SM";"SQ";"NON";"CDS";"CPP";"CAO";"CFE";"TWS";"BLD";"WXD";"CPT";"CSW";"CZS";"CSP";"CLE";"CMP";"PWN";"CNT";"CNP";"CQE";"CCF";"TWR";"ATM";"CAP";"LIQ";"LIB";"LSS";"CPH";"STN";"ADH";"FZG";"FIZ";"LCS";"NAN";"GCAL";"ZE";"ZF";"ZK";"KMD";"GKB";"GMKO";"Zutaten";"ULD";"FZN";"DIFBITS"
"46501";"Handelshof";"13077062";"KL";"Kundenlistung";"09.04.2024";"01.01.2050";"04015613638249";"7390470001";"BARTSCHER 1000 KORB- FILTER CONT100/ARM C";"";"Stück";"";"1 x 1 Stück";"Stück";"";" ";"GASTROGERAETE";"ZUBEHOER";"BARTSCHER GMBH";"";"0";"0";"4015613000008";"190014";"1";"EUR";" ";"21.189";"21.189";"1";"2";"0";"0";"0";"0";"0";"0";"0";"0";"0";"0";"0";"0";"0";"0";"0";"0";"0";"0";"0";"0";"0";"0";"0";"0";"0";"0";"0";"0";"0";"0";"0";"0";"0";"0";"0";"0";"0";"0";"0";"0";"0";"0";"0";"0";"0";"0";"0";"0";"0";"0";"0";"0";"0";"0";"0";"0";"0";"0";"0";"0";"0";"";"";"";"";"";"";"";"";"";"";"3"
"46501";"Handelshof";"13077062";"KL";"Kundenlistung";"09.04.2024";"01.01.2050";"04330752067225";"7810730001";"BRENNPASTE 220G HANDELSHOF";"";"Stück";"";"1 x 1 Stück";"Stück";"";" ";"GASTROBEDARF";"BRENNPASTE/LAMPENOEL";"GOTTFRIED SCHMALFUSS";"";"0";"0";"4009864000009";"470527";"1";"EUR";" ";"1.261";"1.261";"1";"2";"0";"0";"0";"0";"0";"0";"0";"0";"0";"0";"0";"0";"0";"0";"0";"0";"0";"0";"0";"0";"0";"0";"0";"0";"0";"0";"0";"0";"0";"0";"0";"0";"0";"0";"0";"0";"0";"0";"0";"0";"0";"0";"0";"0";"0";"0";"0";"0";"0";"0";"0";"0";"0";"0";"0";"0";"0";"0";"0";"0";"0";"";"";"";"";"";"";"";"";"";"";"3"
"46501";"Handelshof";"13077062";"KL";"Kundenlistung";"09.04.2024";"01.01.2050";"04006402025012";"1109500001";"CA.1,2KG BAVARIA BLU 70%";"";"Kilo";"";"1 x 1 Kilo";"Kilo";"";" ";"KAESE";"BLAUSCHIMMEL";"BERGADER PRIV.KAES.";"";"0";"1";"4006402000002";"01722 /BERGAD";"1";"EUR";" ";"14.829";"14.829";"1";"1";"0";"0";"0";"0";"0";"0";"1";"0";"0";"0";"0";"0";"0";"0";"0";"0";"0";"0";"0";"0";"0";"0";"0";"0";"0";"0";"0";"0";"0";"0";"0";"0";"0";"0";"0";"0";"0";"0";"0";"0";"0";"0";"0";"0";"0";"0";"0";"0";"0";"0";"0";"0";"0";"0";"0";"0";"0";"0";"0";"0";"0";"442";"13.7";"43";"0.1";"0.1";"";"1.6";"Zutaten: pasteurisierte MILCH, Kochsalz, Milchsäurekulturen, Labextrakt, Calciumchlorid (technologischer Hilfsstoff), Edelschimmelkulturen";"";"";"3"
"46501";"Handelshof";"13077062";"KL";"Kundenlistung";"09.04.2024";"01.01.2050";"04008432041109";"1016430001";"CA.2,5KG EMMENTALER GOLDSTEIG";"";"Kilo";"";"1 x 1 Kilo";"Kilo";"";" ";"KAESE";"NATURKAESE";"GOLDSTEIG KAESEREIEN";"";"0";"1";"4008432000007";"4110";"1";"EUR";" ";"9.99";"9.99";"1";"1";"0";"0";"0";"0";"0";"0";"1";"0";"0";"0";"0";"0";"0";"0";"0";"0";"0";"0";"0";"0";"0";"0";"0";"0";"0";"0";"0";"0";"0";"0";"0";"0";"0";"0";"0";"0";"0";"0";"0";"0";"0";"0";"0";"0";"0";"0";"0";"0";"0";"0";"0";"0";"0";"0";"0";"0";"0";"0";"0";"0";"0";"388";"30.5";"29.5";"0.1";"0.1";"";"0.8";"Zutaten: MILCH, Salz, Labaustauschstoff, Milchsäurebakterien";"";"";"3"
"46501";"Handelshof";"13077062";"KL";"Kundenlistung";"09.04.2024";"01.01.2050";"04036300055897";"1025840001";"CA.3KG BURLANDER 45% MILRAM NUSSIG";"";"Kilo";"";"1 x 1 Kilo";"Kilo";"";" ";"KAESE";"NATURKAESE";"DMK DEUTSCHES MILCHK";"";"0";"1";"4036300000002";"5589";"1";"EUR";" ";"8.89";"8.89";"1";"1";"0";"0";"0";"0";"0";"0";"1";"0";"0";"0";"0";"0";"0";"0";"0";"0";"0";"0";"0";"0";"0";"0";"0";"0";"0";"0";"0";"0";"0";"0";"1";"1";"0";"0";"0";"0";"0";"0";"0";"0";"0";"0";"0";"0";"0";"0";"0";"0";"0";"0";"0";"0";"0";"0";"0";"0";"0";"0";"0";"0";"0";"346";"25";"27";"0.1";"0.1";"";"1.3";"Zutaten: pasteurisierte KUHMILCH, Speisesalz, Säuerungskulturen, mikrobielles Lab, Farbstoff: Carotin, Konservierungsstoff: Natamycin (nur zur Oberflächenbehandlung)";"";"";"3"
"46501";"Handelshof";"13077062";"KL";"Kundenlistung";"09.04.2024";"01.01.2050";"04036300055873";"1079590001";"CA.3KG GOUDA 45% MILRAM";"";"Kilo";"";"1 x 1 Kilo";"Kilo";"";" ";"KAESE";"NATURKAESE";"DMK DEUTSCHES MILCHK";"";"0";"1";"4036300000002";"5587";"1";"EUR";" ";"5.29";"5.29";"1";"1";"0";"0";"0";"0";"0";"0";"1";"0";"0";"0";"0";"0";"0";"0";"0";"0";"0";"0";"0";"0";"0";"0";"0";"0";"0";"0";"0";"0";"0";"1";"0";"0";"0";"0";"0";"0";"0";"0";"0";"0";"0";"0";"0";"0";"0";"0";"0";"0";"0";"0";"0";"0";"0";"0";"0";"0";"0";"0";"0";"0";"0";"348";"25";"27";"0.1";"0.1";"";"1.8";"Zutaten: pasteurisierte KUHMILCH, Speisesalz, Säuerungskulturen, mkirobielles Lab.";"";"";"3"
"46501";"Handelshof";"13077062";"KL";"Kundenlistung";"09.04.2024";"01.01.2050";"04000504209547";"1090800001";"CA.3KG ILLERTALER 45% ALLGAEUER";"";"Kilo";"";"1 x 1 Kilo";"Kilo";"";" ";"KAESE";"NATURKAESE";"KAESEREI CHAMPIGNON";"";"0";"1";"4000504000007";"00437 /CHAMP.";"1";"EUR";" ";"13.027";"13.027";"1";"1";"0";"0";"0";"0";"0";"0";"1";"0";"0";"0";"0";"0";"0";"0";"0";"0";"0";"0";"0";"0";"0";"0";"0";"0";"0";"0";"0";"0";"0";"0";"0";"0";"0";"0";"0";"0";"0";"0";"0";"0";"0";"0";"0";"0";"0";"0";"0";"0";"0";"0";"0";"0";"0";"0";"0";"0";"0";"0";"0";"0";"0";"373";"28";"29";"0.1";"0.1";"";"1";"Zutaten: KUHMILCH, Kochsalz, Labaustauschstoff, Milchsäurebakterien, Reifungskulturen.";"";"";"3"
"46501";"Handelshof";"13077062";"KL";"Kundenlistung";"09.04.2024";"01.01.2050";"04036300055842";"1079630001";"CA.3KG TILSITER 45% MILRAM";"";"Kilo";"";"1 x 1 Kilo";"Kilo";"";" ";"KAESE";"NATURKAESE";"DMK DEUTSCHES MILCHK";"";"0";"1";"4036300000002";"5584";"1";"EUR";" ";"6.99";"6.99";"1";"1";"0";"0";"0";"0";"0";"0";"1";"0";"0";"0";"0";"0";"0";"0";"0";"0";"0";"0";"0";"0";"0";"0";"0";"0";"0";"0";"0";"0";"0";"0";"0";"0";"0";"1";"0";"0";"0";"0";"0";"0";"0";"0";"0";"0";"0";"0";"0";"0";"0";"0";"0";"0";"0";"0";"0";"0";"0";"0";"0";"0";"0";"339";"25";"26";"0.1";"0.1";"";"1.8";"Zutaten: pasteurisierte KuhMILCH, Speisesalz, Verarbeitungshilfstoff: Calciumchlorid (E509), Säuerungskulturen, mikrobielles Lab.";"";"";"3"
"46501";"Handelshof";"13077062";"KL";"Kundenlistung";"09.04.2024";"01.01.2050";"02010105700017";"1010570001";"ENTENBRUST GERAEUCHERT";"";"Kilo";"";"1 x 1 Kilo";"Kilo";"";" ";"FRISCHGEFLUEGEL GEWICHTSW.";"GEFLUEGEL FRISCH";"NIGGEMANN FOOD FRISC";"Bitte beachten Sie, dass bei saisonalen/regionalen Fleischartikeln die Verfügbarkeit nicht immer gewährleistet sein kann.";"0";"1";"4009164000006";"3971";"1";"EUR";" ";"33.909";"33.909";"1";"1";"0";"0";"0";"0";"0";"0";"0";"0";"0";"0";"0";"0";"0";"0";"0";"0";"0";"0";"0";"0";"0";"0";"0";"0";"0";"0";"0";"0";"0";"0";"0";"0";"0";"0";"0";"0";"0";"0";"0";"0";"0";"0";"0";"0";"0";"0";"0";"0";"0";"0";"0";"0";"0";"0";"0";"0";"0";"0";"0";"0";"0";"";"";"";"";"";"";"";"";"";"";"3"
"46501";"Handelshof";"13077062";"KL";"Kundenlistung";"09.04.2024";"01.01.2050";"04002834040487";"1580920001";"GUTMEISTERS SALAMI 1A CA.1,5KG     SCHU";"";"Kilo";"";"1 x 1 Kilo";"Kilo";"";" ";"WURST UND SCHINKEN";"ROH-AUFSCHNITT UEBER 250G.S";"ZUR MUEHLEN GRUPPE";"";"0";"1";"4399901817869";"K80378-81";"1";"EUR";" ";"16.737";"16.737";"1";"1";"0";"0";"0";"0";"0";"0";"0";"0";"1";"1";"0";"0";"0";"0";"0";"0";"0";"0";"0";"0";"0";"0";"0";"0";"0";"0";"0";"0";"0";"0";"0";"0";"0";"0";"0";"0";"0";"0";"0";"0";"0";"0";"0";"0";"0";"0";"0";"0";"0";"1";"0";"0";"0";"0";"0";"0";"0";"0";"0";"0";"0";"343";"19.5";"29";"1";"1";"";"3.5";"Zutaten: Schweinefleisch, jodiertes Speisesalz (Speisesalz, Kaliumjodat), Gewürze, Gewürzextrakte, Glukosesirup, Dextrose, Saccharose, Antioxidationsmittel: Ascorbinsäure und Natriumascorbat, färbendes Lebensmittel: Rote Beete Pulver, Konservierungsstoff: Natriumnitrit, Reifekultur, Buchenholzrauch. 100g Salami werden aus 120g Schweinefleisch hergestellt. Kann Spuren von SENF und SELLERIE enthalten.";"";"";"3"
"46501";"Handelshof";"13077062";"KL";"Kundenlistung";"09.04.2024";"01.01.2050";"04020961333678";"1556490001";"GUTSE.HINTERSCHINKEN GEKOCHT CA.1,7KG";"";"Kilo";"";"1 x 1 Kilo";"Kilo";"";" ";"WURST UND SCHINKEN";"KOCHSCHINKEN STUECKWARE";"Blumberg";"";"0";"1";"4020961000006";"33367";"1";"EUR";" ";"15.465";"15.465";"1";"1";"0";"0";"0";"0";"0";"0";"0";"0";"0";"0";"0";"0";"0";"0";"0";"0";"0";"0";"0";"0";"0";"0";"0";"0";"0";"0";"0";"0";"0";"0";"0";"0";"0";"0";"0";"0";"0";"0";"0";"0";"0";"0";"0";"0";"0";"0";"0";"0";"0";"0";"0";"0";"0";"0";"0";"0";"0";"0";"0";"0";"0";"105";"19";"3";"0.3";"0.3";"";"2.5";"Schweinefleisch, Kochsalz, Trockenglukosesirup, Stabilisatoren: E450 Und E451, Säuerungsmittel: E 331, Antioxidationsmittel: E 301, Gewürzextrakte, Konservierungsstoff: E 250";"";"";"3"
"46501";"Handelshof";"13077062";"KL";"Kundenlistung";"09.04.2024";"01.01.2050";"04250208801909";"2319080001";"KAISERBROETCHEN 2STK GLUTENFREI       POE";"";"Packung";"";"1 x 1 Packung";"Packung";"";" ";"BROT / KUCHEN";"AUFBACKWARE";"SPEZIAL-DIAET-BAECKE";"";"0";"0";"4250208800001";"K0190";"1";"EUR";" ";"1.961";"1.961";"1";"1";"0";"0";"0";"0";"0";"0";"0";"0";"0";"0";"0";"0";"0";"0";"0";"0";"0";"0";"0";"0";"0";"0";"0";"0";"0";"0";"0";"0";"0";"0";"0";"0";"0";"0";"0";"0";"0";"0";"0";"0";"0";"0";"0";"0";"0";"0";"0";"0";"0";"0";"0";"0";"0";"0";"0";"0";"0";"0";"0";"0";"0";"259";"3.7";"4.1";"48.7";"3.4";"";"1.5";"Zutaten: glutenfreie Weizenstärke, Wasser, Leinsamenmehl, Hefe, pflanzliches Öl (Raps), SÜSSLUPINENMEHL, Zucker, Flohsamenschalen, Verdickungsmittel: Guarkernmehl, Salz, Emulgator: Sonnenblumenlecithine, Dextrose, fermentierte Maisstärke.";"";"";"3"
"46501";"Handelshof";"13077062";"KL";"Kundenlistung";"09.04.2024";"01.01.2050";"04052139023647";"1012080001";"MAISHAEHNCHENBRUST SUPREME FRANZ.FRISCH";"";"Kilo";"";"1 x 1 Kilo";"Kilo";"";" ";"FRISCHGEFLUEGEL GEWICHTSW.";"GEFLUEGEL FRISCH";"*****";"Bitte beachten Sie, dass bei saisonalen/regionalen Fleischartikeln die Verfügbarkeit nicht immer gewährleistet sein kann.";"0";"1";"";"";"1";"EUR";" ";"13.769";"13.769";"1";"1";"0";"0";"0";"0";"0";"0";"0";"0";"0";"0";"0";"0";"0";"0";"0";"0";"0";"0";"0";"0";"0";"0";"0";"0";"0";"0";"0";"0";"0";"0";"0";"0";"0";"0";"0";"0";"0";"0";"0";"0";"0";"0";"0";"0";"0";"0";"0";"0";"0";"0";"0";"0";"0";"0";"0";"0";"0";"0";"0";"0";"0";"";"";"";"";"";"";"";"";"";"";"3"
"46501";"Handelshof";"13077062";"KL";"Kundenlistung";"09.04.2024";"01.01.2050";"04008284073310";"3520800001";"QUICKP.ALUFOLIE 11MY 150MX29CM ABR.KRT.";"";"Packung";"";"1 x 1 Packung";"Packung";"";" ";"PAPIERWAREN";"ALUFOLIE";"QUICKPACK HAUSHALT+H";"";"0";"0";"4008284000002";"373310";"1";"EUR";" ";"15.889";"15.889";"1";"2";"0";"0";"0";"0";"0";"0";"0";"0";"0";"0";"0";"0";"0";"0";"0";"0";"0";"0";"0";"0";"0";"0";"0";"0";"0";"0";"0";"0";"0";"0";"0";"0";"0";"0";"0";"0";"0";"0";"0";"0";"0";"0";"0";"0";"0";"0";"0";"0";"0";"0";"0";"0";"0";"0";"0";"0";"0";"0";"0";"0";"0";"";"";"";"";"";"";"";"";"";"";"3"
"46501";"Handelshof";"13077062";"KL";"Kundenlistung";"09.04.2024";"01.01.2050";"09010055080439";"3500330001";"QUICKP.BACKPAPIER 100MX38CM BRAUN";"";"Packung";"";"1 x 1 Packung";"Packung";"";" ";"PAPIERWAREN";"BACKEN/BRATEN/GRILLEN";"QUICKPACK HAUSHALT+H";"";"0";"0";"4008284000002";"651600";"1";"EUR";" ";"12.179";"12.179";"1";"2";"0";"0";"0";"0";"0";"0";"0";"0";"0";"0";"0";"0";"0";"0";"0";"0";"0";"0";"0";"0";"0";"0";"0";"0";"0";"0";"0";"0";"0";"0";"0";"0";"0";"0";"0";"0";"0";"0";"0";"0";"0";"0";"0";"0";"0";"0";"0";"0";"0";"0";"0";"0";"0";"0";"0";"0";"0";"0";"0";"0";"0";"";"";"";"";"";"";"";"";"";"";"3"
"46501";"Handelshof";"13077062";"KL";"Kundenlistung";"09.04.2024";"01.01.2050";"04008284073044";"3412230001";"QUICKP.FRISCHH.FOLIE 10MY 300MX44CM";"";"Rolle";"";"1 x 1 Rolle";"Rolle";"";" ";"PAPIERWAREN";"FRISCHHALTEFOLIE";"QUICKPACK HAUSHALT+H";"";"0";"0";"4008284000002";"073044";"1";"EUR";" ";"10.589";"10.589";"1";"2";"0";"0";"0";"0";"0";"0";"0";"0";"0";"0";"0";"0";"0";"0";"0";"0";"0";"0";"0";"0";"0";"0";"0";"0";"0";"0";"0";"0";"0";"0";"0";"0";"0";"0";"0";"0";"0";"0";"0";"0";"0";"0";"0";"0";"0";"0";"0";"0";"0";"0";"0";"0";"0";"0";"0";"0";"0";"0";"0";"0";"0";"";"";"";"";"";"";"";"";"";"";"3"
"46501";"Handelshof";"13077062";"KL";"Kundenlistung";"09.04.2024";"01.01.2050";"04008284703453";"3412590001";"QUICKP.FRISCHH.FOLIE 10MY 300MX45CM NF.";"";"Rolle";"";"1 x 1 Rolle";"Rolle";"";" ";"PAPIERWAREN";"FRISCHHALTEFOLIE";"QUICKPACK HAUSHALT+H";"";"0";"0";"4008284000002";"703453";"1";"EUR";" ";"8.999";"8.999";"1";"2";"0";"0";"0";"0";"0";"0";"0";"0";"0";"0";"0";"0";"0";"0";"0";"0";"0";"0";"0";"0";"0";"0";"0";"0";"0";"0";"0";"0";"0";"0";"0";"0";"0";"0";"0";"0";"0";"0";"0";"0";"0";"0";"0";"0";"0";"0";"0";"0";"0";"0";"0";"0";"0";"0";"0";"0";"0";"0";"0";"0";"0";"";"";"";"";"";"";"";"";"";"";"3"
"46501";"Handelshof";"13077062";"KL";"Kundenlistung";"09.04.2024";"01.01.2050";"04052139020707";"1001210001";"TK KALBS FLEISCHKNOCHEN";"";"Kilo";"";"1 x 1 Kilo";"Kilo";"";" ";"TK FLEISCH";"INNER./KNOCHEN KALB GEF.";"*****";"Bitte beachten Sie, dass bei saisonalen/regionalen Fleischartikeln die Verfügbarkeit nicht immer gewährleistet sein kann.";"0";"1";"";"";"1";"EUR";" ";"3.169";"3.169";"1";"1";"0";"0";"0";"0";"0";"0";"0";"0";"0";"0";"0";"0";"0";"0";"0";"0";"0";"0";"0";"0";"0";"0";"0";"0";"0";"0";"0";"0";"0";"0";"0";"0";"0";"0";"0";"0";"0";"0";"0";"0";"0";"0";"0";"0";"0";"0";"0";"0";"0";"0";"0";"0";"0";"0";"0";"0";"0";"0";"0";"0";"0";"";"";"";"";"";"";"";"";"";"";"3"
"46501";"Handelshof";"13077062";"KL";"Kundenlistung";"09.04.2024";"01.01.2050";"08711369970621";"8881170001";"VAKUUMBEUTEL 100ST. 300X400MM GLATT";"";"Stück";"";"1 x 1 Stück";"Stück";"";" ";"GASTROGERAETE";"ZUBEHOER";"HENDI B.V.";"";"0";"0";"8711369000007";"970621";"1";"EUR";" ";"19.069";"19.069";"1";"2";"0";"0";"0";"0";"0";"0";"0";"0";"0";"0";"0";"0";"0";"0";"0";"0";"0";"0";"0";"0";"0";"0";"0";"0";"0";"0";"0";"0";"0";"0";"0";"0";"0";"0";"0";"0";"0";"0";"0";"0";"0";"0";"0";"0";"0";"0";"0";"0";"0";"0";"0";"0";"0";"0";"0";"0";"0";"0";"0";"0";"0";"";"";"";"";"";"";"";"";"";"";"3"
"46501";"Handelshof";"13077062";"KL";"Kundenlistung";"09.04.2024";"01.01.2050";"04003240468209";"3260100012";"0,2 ALBI BANANEN GETRAENK";"";"Gebinde";"";"1 x 12 Flasche";"Flasche";"";" ";"ALKOHOLFREIE GETRAENKE";"KLEIN-PACKUNGEN";"albi";"";"0";"0";"4054221000000";"172188003";"12";"EUR";" ";"9.54";"0.795";"1";"2";"0";"0";"0";"0";"0";"0";"0";"0";"0";"0";"0";"0";"0";"0";"0";"0";"0";"0";"0";"0";"0";"0";"0";"0";"0";"0";"0";"0";"0";"1";"0";"0";"0";"0";"0";"0";"0";"0";"0";"0";"0";"0";"0";"0";"0";"0";"0";"0";"0";"0";"0";"0";"0";"0";"0";"0";"0";"0";"0";"0";"0";"61";"0.5";"0.5";"13";"13";"";"0.01";"Zutaten: Wasser, Bananenmark, Glukose-Fruktose-Sirup, Zucker, Säuerungsmittel: Citronensäure, Antioxidationsmittel: Ascorbinsäure.";"";"";"3"
"46501";"Handelshof";"13077062";"KL";"Kundenlistung";"09.04.2024";"01.01.2050";"09002540870069";"2152160001";"0,5L CREMA DI ACETO KLASSIK          WIB";"";"Flasche";"";"1 x 1 Flasche";"Flasche";"";" ";"ESSIG / ZITRONENSAFT";"BALSAMICO";"WIBERG";"";"0";"0";"4002540000003";"155372";"1";"EUR";" ";"7.939";"7.939";"1";"1";"0";"0";"0";"0";"0";"0";"0";"0";"0";"0";"0";"1";"0";"0";"0";"0";"0";"0";"0";"0";"0";"0";"0";"0";"0";"0";"0";"0";"0";"0";"1";"0";"1";"0";"0";"0";"0";"0";"0";"0";"0";"0";"0";"0";"0";"0";"0";"0";"0";"0";"0";"0";"0";"0";"0";"0";"0";"0";"0";"0";"0";"280";"2.2";"0";"67.6";"38.7";"";"0.07";"Zutaten: Konzentrierter Traubensaft, 20 % Aceto Balsamico di Modena g.g.A. (Weinessig (Wein, Wasser, Antioxidationsmittel: SCHWEFELDIOXID), konzentrierter Traubenmost, Farbstoff: Ammonsulfit-Zuckerkulör), modifizierte Stärke. Enthält SULFIT.";"";"";"3"
"46501";"Handelshof";"13077062";"KL";"Kundenlistung";"09.04.2024";"01.01.2050";"03023030001202";"1123260001";"0,5L FRZ.WALNUSSOEL BER";"";"Dose";"";"1 x 1 Dose";"Dose";"";" ";"FETTE / OELE / MARGARINE";"OEL-SPEZIALITAETEN";"Englert";"";"0";"0";"4003011000003";"00120";"1";"EUR";" ";"7.303";"7.303";"1";"1";"0";"0";"0";"0";"0";"0";"0";"1";"0";"0";"0";"0";"0";"0";"0";"0";"0";"0";"0";"0";"0";"0";"0";"0";"0";"0";"0";"0";"0";"0";"0";"0";"0";"0";"0";"0";"0";"0";"0";"0";"0";"0";"0";"0";"0";"0";"0";"0";"0";"0";"0";"0";"0";"0";"0";"0";"0";"0";"0";"0";"0";"900";"0";"100";"0";"0";"";"0";"Zutaten: WALNUSSÖL";"";"";"3"
"46501";"Handelshof";"13077062";"KL";"Kundenlistung";"09.04.2024";"01.01.2050";"04061800129328";"3232610001";"0,7 AMARETTO ROMANZA 20%";"";"Flasche";"";"1 x 1 Flasche";"Flasche";"";" ";"LIKOERE";"AMARETTO";"Romanza";"";"0";"0";"4061800000009";"60520";"1";"EUR";" ";"5.183";"5.183";"1";"2";"0";"0";"0";"0";"0";"0";"0";"0";"0";"0";"0";"0";"0";"0";"0";"0";"0";"0";"0";"0";"0";"0";"0";"0";"0";"0";"0";"0";"0";"0";"0";"0";"0";"0";"0";"0";"0";"0";"0";"0";"0";"0";"0";"0";"0";"0";"0";"0";"0";"0";"0";"0";"0";"0";"0";"0";"0";"0";"0";"0";"0";"";"";"";"";"";"";"";"";"";"";"3"
"46501";"Handelshof";"13077062";"KL";"Kundenlistung";"09.04.2024";"01.01.2050";"04000269002964";"3296570001";"0,7 BARSIRUP HOLUNDERBLUETE";"";"Flasche";"";"1 x 1 Flasche";"Flasche";"";" ";"LIKOERE";"SIRUPE";"Riemerschmid";"";"0";"0";"4000269000007";"41196";"1";"EUR";" ";"5.819";"5.819";"1";"1";"0";"0";"0";"0";"0";"0";"0";"0";"0";"0";"0";"0";"0";"0";"0";"0";"0";"0";"0";"0";"0";"0";"0";"0";"0";"0";"0";"0";"0";"0";"0";"0";"0";"0";"0";"0";"0";"0";"0";"0";"0";"0";"0";"0";"0";"0";"0";"0";"0";"0";"0";"0";"0";"0";"0";"0";"0";"0";"0";"0";"0";"352";"0";"0";"87";"87";"";"0";"Zutaten: Zucker, Wasser, natürliches Holunderblüten-Aroma, Säuerungsmittel: Citronensäure, Karamell, Konservierungsstoff: Natriumbenzoat.";"";"";"3"
"46501";"Handelshof";"13077062";"KL";"Kundenlistung";"09.04.2024";"01.01.2050";"04000269101575";"3288310001";"0,7 BARSIRUP MANGO";"";"Flasche";"";"1 x 1 Flasche";"Flasche";"";" ";"LIKOERE";"SIRUPE";"Riemerschmid";"";"0";"0";"4000269000007";"41157";"1";"EUR";" ";"5.819";"5.819";"1";"1";"0";"0";"0";"0";"0";"0";"0";"0";"0";"0";"0";"0";"0";"0";"0";"0";"0";"0";"0";"0";"0";"0";"0";"0";"0";"0";"0";"0";"0";"0";"1";"1";"0";"0";"0";"0";"0";"0";"0";"0";"0";"0";"0";"0";"0";"0";"0";"0";"0";"0";"0";"0";"0";"0";"0";"0";"0";"0";"0";"0";"0";"337";"0.03";"0.02";"84";"84";"";"0";"Zutaten: Zucker, Wasser, Mangomark (5 %), Aroma, Säuerungsmittel: Citronensäure, Konservierungsstoff: Kaliumsorbat, Farbstoff: beta-Carotin.";"";"";"3"
"46501";"Handelshof";"13077062";"KL";"Kundenlistung";"09.04.2024";"01.01.2050";"04000269101551";"3288260001";"0,7 BARSIRUP MARACUJA";"";"Flasche";"";"1 x 1 Flasche";"Flasche";"";" ";"LIKOERE";"SIRUPE";"Riemerschmid";"";"0";"0";"4000269000007";"41155";"1";"EUR";" ";"5.819";"5.819";"1";"1";"0";"0";"0";"0";"0";"0";"0";"0";"0";"0";"0";"0";"0";"0";"0";"0";"0";"0";"0";"0";"0";"0";"0";"0";"0";"0";"0";"0";"0";"0";"0";"1";"0";"0";"0";"0";"0";"0";"0";"0";"0";"0";"0";"0";"0";"0";"0";"0";"0";"0";"0";"0";"0";"0";"0";"0";"0";"0";"0";"0";"0";"340";"0.01";"0";"84";"84";"";"0";"Zutaten: Zucker, Maracujasaft aus Maracujasaftkonzentrat (25 %), Wasser, Säuerungsmittel Citronensäure, Aroma, Konservierungsstoff: Natriumbenzoat.";"";"";"3"
"46501";"Handelshof";"13077062";"KL";"Kundenlistung";"09.04.2024";"01.01.2050";"05010327000176";"3186900001";"0,7 GLENFIDDICH MALT WHISKEY 12Y 40 %";"";"Flasche";"";"1 x 1 Flasche";"Flasche";"";" ";"WHISKY / RUM";"MALT WHISKEY";"GLENFIDDICH";"";"0";"0";"4260691650007";"136104009";"1";"EUR";" ";"27.549";"27.549";"1";"2";"0";"0";"0";"0";"0";"0";"0";"0";"0";"0";"0";"0";"0";"0";"0";"0";"0";"0";"0";"0";"0";"0";"0";"0";"0";"0";"0";"0";"0";"0";"0";"0";"0";"0";"0";"0";"0";"0";"0";"0";"0";"0";"0";"0";"0";"0";"0";"0";"0";"0";"0";"0";"0";"0";"0";"0";"0";"0";"0";"0";"0";"";"";"";"";"";"";"";"";"";"";"3"
"46501";"Handelshof";"13077062";"KL";"Kundenlistung";"09.04.2024";"01.01.2050";"08410221801416";"3322090001";"0,7 LICOR 43 OROCHATA 16%";"";"Flasche";"";"1 x 1 Flasche";"Flasche";"";" ";"LIKOERE";"CREAMLIKOERE";"Amaro Montenegro";"";"0";"0";"4003310000001";"2186500";"1";"EUR";" ";"14.829";"14.829";"1";"2";"0";"0";"0";"0";"0";"0";"1";"0";"0";"0";"0";"0";"0";"0";"0";"0";"0";"0";"0";"0";"0";"0";"0";"0";"0";"0";"0";"0";"0";"0";"0";"0";"0";"0";"0";"0";"0";"0";"0";"0";"0";"0";"0";"0";"0";"0";"0";"0";"0";"0";"0";"0";"0";"0";"0";"0";"0";"0";"0";"0";"0";"";"";"";"";"";"";"";"Enthält Milch";"";"";"3"
"46501";"Handelshof";"13077062";"KL";"Kundenlistung";"09.04.2024";"01.01.2050";"08000672060007";"3132730001";"0,7 LIMONCINO BONOLLO";"";"Flasche";"";"1 x 1 Flasche";"Flasche";"";" ";"LIKOERE";"FRUCHTLIKOERE";"Limoncino";"";"0";"0";"8000672000003";"60007";"1";"EUR";" ";"10.589";"10.589";"1";"2";"0";"0";"0";"0";"0";"0";"0";"0";"0";"0";"0";"0";"0";"0";"0";"0";"0";"0";"0";"0";"0";"0";"0";"0";"0";"0";"0";"0";"0";"0";"0";"0";"0";"0";"0";"0";"0";"0";"0";"0";"0";"0";"0";"0";"0";"0";"0";"0";"0";"0";"0";"0";"0";"0";"0";"0";"0";"0";"0";"0";"0";"";"";"";"";"";"";"";"";"";"";"3"
"46501";"Handelshof";"13077062";"KL";"Kundenlistung";"09.04.2024";"01.01.2050";"04003310016095";"3235500001";"0,7 MANGAROCA BATIDA DE COCO 16%";"";"Flasche";"";"1 x 1 Flasche";"Flasche";"";" ";"LIKOERE";"KOKOSLIKOERE";"MANGAROCA BATIDA DE";"";"0";"0";"7640109120006";"18016";"1";"EUR";" ";"10.589";"10.589";"1";"2";"0";"0";"0";"0";"0";"1";"1";"0";"0";"0";"0";"0";"0";"0";"0";"0";"0";"0";"0";"0";"0";"0";"0";"0";"0";"0";"0";"0";"0";"0";"0";"0";"0";"0";"0";"0";"0";"0";"0";"0";"0";"0";"0";"0";"0";"0";"0";"0";"0";"0";"0";"0";"0";"0";"0";"0";"0";"0";"0";"0";"0";"";"";"";"";"";"";"";"Enthält: MILCH und MILCHERZEUGNISSE (einschließlich LACTOSE)(AM) Kann Spuren von SOJA und SOJAERZEUGNISSE (AY) enthalten.";"";"";"3"
"46501";"Handelshof";"13077062";"KL";"Kundenlistung";"09.04.2024";"01.01.2050";"03092718642112";"3398440001";"0,7 MATHIEU TEISSEI SIRUP SALTY CARAMEL";"";"Flasche";"";"1 x 1 Flasche";"Flasche";"";" ";"LIKOERE";"SIRUPE";"VINCO IMPORT GMBH";"";"0";"0";"4008077000004";"79179";"1";"EUR";" ";"7.409";"7.409";"1";"1";"0";"0";"0";"0";"0";"0";"0";"0";"0";"0";"0";"0";"0";"0";"0";"0";"0";"0";"0";"0";"0";"0";"0";"0";"0";"0";"0";"0";"0";"0";"0";"0";"0";"0";"0";"0";"0";"0";"0";"0";"0";"0";"0";"0";"0";"0";"0";"0";"0";"0";"0";"0";"0";"0";"0";"0";"0";"0";"0";"0";"0";"324";"0";"0";"81";"81";"";"1";"Zutaten: Zucker, Wasser, Meersalz (0,8 %), Aroma, Karamell (Glukose-Fruktose-Sirup, Wasser, Zucker), Säuerungsmittel: Zitronensäure.";"FRANKREICH";"";"3"
"46501";"Handelshof";"13077062";"KL";"Kundenlistung";"09.04.2024";"01.01.2050";"05700359304693";"3238330001";"0,7 PEPINO PEACH 15%";"";"Flasche";"";"1 x 1 Flasche";"Flasche";"";" ";"LIKOERE";"FRUCHTLIKOERE";"PEPINO";"";"0";"0";"4000201000003";"304700";"1";"EUR";" ";"10.059";"10.059";"1";"2";"0";"0";"0";"0";"0";"0";"0";"0";"0";"0";"0";"0";"0";"0";"0";"0";"0";"0";"0";"0";"0";"0";"0";"0";"0";"0";"0";"0";"0";"0";"1";"0";"0";"0";"0";"0";"0";"0";"0";"0";"0";"0";"0";"0";"0";"0";"0";"0";"0";"0";"0";"0";"0";"0";"0";"0";"0";"0";"0";"0";"0";"";"";"";"";"";"";"";"";"";"";"3"
"46501";"Handelshof";"13077062";"KL";"Kundenlistung";"09.04.2024";"01.01.2050";"04003310014190";"3198500001";"0,7 POTT RUM 40%";"";"Flasche";"";"1 x 1 Flasche";"Flasche";"";" ";"WHISKY / RUM";"DEUTSCHER RUM";"POTT";"";"0";"0";"4001731000006";"21509";"1";"EUR";" ";"10.589";"10.589";"1";"2";"0";"0";"0";"0";"0";"0";"0";"0";"0";"0";"0";"0";"0";"0";"0";"0";"0";"0";"0";"0";"0";"0";"0";"0";"0";"0";"0";"0";"0";"0";"0";"0";"0";"0";"0";"0";"0";"0";"0";"0";"0";"0";"0";"0";"0";"0";"0";"0";"0";"0";"0";"0";"0";"0";"0";"0";"0";"0";"0";"0";"0";"233";"";"";"";"";"";"";"";"";"";"3"
"46501";"Handelshof";"13077062";"KL";"Kundenlistung";"09.04.2024";"01.01.2050";"04003310014244";"3199000001";"0,7 POTT RUM 54%";"";"Flasche";"";"1 x 1 Flasche";"Flasche";"";" ";"WHISKY / RUM";"DEUTSCHER RUM";"DER GUTE POTT";"";"0";"0";"4001731000006";"21528";"1";"EUR";" ";"11.649";"11.649";"1";"2";"0";"0";"0";"0";"0";"0";"0";"0";"0";"0";"0";"0";"0";"0";"0";"0";"0";"0";"0";"0";"0";"0";"0";"0";"0";"0";"0";"0";"0";"0";"0";"0";"0";"0";"0";"0";"0";"0";"0";"0";"0";"0";"0";"0";"0";"0";"0";"0";"0";"0";"0";"0";"0";"0";"0";"0";"0";"0";"0";"0";"0";"345";"";"";"";"";"";"";"";"";"";"3"
"46501";"Handelshof";"13077062";"KL";"Kundenlistung";"09.04.2024";"01.01.2050";"03024480008766";"3155000001";"0,7 REMY MARTIN VSOP 40 %";"";"Flasche";"";"1 x 1 Flasche";"Flasche";"";" ";"WEINBRAND / COGNAC";"COGNAC";"Remy Martin";"";"0";"0";"4002859000008";"270690";"1";"EUR";" ";"42.389";"42.389";"1";"2";"0";"0";"0";"0";"0";"0";"0";"0";"0";"0";"0";"0";"0";"0";"0";"0";"0";"0";"0";"0";"0";"0";"0";"0";"0";"0";"0";"0";"0";"1";"0";"0";"0";"0";"0";"0";"0";"0";"0";"0";"0";"0";"0";"0";"0";"0";"0";"0";"0";"0";"0";"0";"0";"0";"0";"0";"0";"0";"0";"0";"0";"";"";"";"";"";"";"";"";"";"";"3"
"46501";"Handelshof";"13077062";"KL";"Kundenlistung";"09.04.2024";"01.01.2050";"05000299609347";"3232470001";"0,7 THE GLENLIVET FOUND.RESERVE 40%";"";"Flasche";"";"1 x 1 Flasche";"Flasche";"";" ";"WHISKY / RUM";"MALT WHISKEY";"The Glenlivet Founde";"";"0";"0";"4005971000000";"2835865003";"1";"EUR";" ";"26.447";"26.447";"1";"2";"0";"0";"0";"0";"0";"0";"0";"0";"0";"0";"0";"0";"0";"0";"0";"0";"0";"0";"0";"0";"0";"0";"0";"0";"0";"0";"0";"0";"0";"0";"1";"0";"0";"0";"0";"0";"0";"0";"0";"0";"0";"0";"0";"0";"0";"0";"0";"0";"0";"0";"0";"0";"0";"0";"0";"0";"0";"0";"0";"0";"0";"";"";"";"";"";"";"";"";"";"";"3"
"46501";"Handelshof";"13077062";"KL";"Kundenlistung";"09.04.2024";"01.01.2050";"03057230000253";"3218300001";"0,75 LILLET BLANC 17%";"";"Flasche";"";"1 x 1 Flasche";"Flasche";"";" ";"APERITIF / SHERRY";"APERITIV";"Lillet";"";"0";"0";"4005971000000";"1369899001";"1";"EUR";" ";"13.769";"13.769";"1";"2";"0";"0";"0";"0";"0";"0";"0";"0";"0";"0";"0";"1";"0";"0";"0";"0";"0";"0";"0";"0";"0";"0";"0";"0";"0";"0";"0";"0";"0";"0";"0";"0";"0";"0";"0";"0";"0";"0";"0";"0";"0";"0";"0";"0";"0";"0";"0";"0";"0";"0";"0";"0";"0";"0";"0";"0";"0";"0";"0";"0";"0";"";"";"";"";"";"";"";"ENTHÄLT SULFITE";"";"";"3"
"46501";"Handelshof";"13077062";"KL";"Kundenlistung";"09.04.2024";"01.01.2050";"08421150646108";"3105710001";"0,75 SANDEMAN FINO 15%";"";"Flasche";"";"1 x 1 Flasche";"Flasche";"";" ";"APERITIF / SHERRY";"SHERRY";"SANDEMAN";"";"0";"0";"4051503000000";"M516719";"1";"EUR";" ";"6.349";"6.349";"1";"2";"0";"0";"0";"0";"0";"0";"0";"0";"0";"0";"0";"1";"0";"0";"0";"0";"0";"0";"0";"0";"0";"0";"0";"0";"0";"0";"0";"0";"0";"0";"0";"0";"0";"0";"0";"0";"0";"0";"0";"0";"0";"0";"0";"0";"0";"0";"0";"0";"0";"0";"0";"0";"0";"0";"0";"0";"0";"0";"0";"0";"0";"";"";"";"";"";"";"";"ENTHÄLT SULFITE";"";"";"3"
"46501";"Handelshof";"13077062";"KL";"Kundenlistung";"09.04.2024";"01.01.2050";"08421150645101";"3105700001";"0,75 SANDEMAN MEDIUM DRY 15%";"";"Flasche";"";"1 x 1 Flasche";"Flasche";"";" ";"APERITIF / SHERRY";"SHERRY";"SANDEMAN";"";"0";"0";"4051503000000";"RM516720";"1";"EUR";" ";"6.349";"6.349";"1";"2";"0";"0";"0";"0";"0";"0";"0";"0";"0";"0";"0";"0";"0";"0";"0";"0";"0";"0";"0";"0";"0";"0";"0";"0";"0";"0";"0";"0";"0";"0";"0";"0";"0";"0";"0";"0";"0";"0";"0";"0";"0";"0";"0";"0";"0";"0";"0";"0";"0";"0";"0";"0";"0";"0";"0";"0";"0";"0";"0";"0";"0";"";"";"";"";"";"";"";"Enthält SULFITE";"";"";"3"
"46501";"Handelshof";"13077062";"KL";"Kundenlistung";"09.04.2024";"01.01.2050";"08421150647105";"3105800001";"0,75 SANDEMAN MEDIUM SWEET 15%";"";"Flasche";"";"1 x 1 Flasche";"Flasche";"";" ";"APERITIF / SHERRY";"SHERRY";"SANDEMAN";"";"0";"0";"4051503000000";"M516721";"1";"EUR";" ";"6.349";"6.349";"1";"2";"0";"0";"0";"0";"0";"0";"0";"0";"0";"0";"0";"0";"0";"0";"0";"0";"0";"0";"0";"0";"0";"0";"0";"0";"0";"0";"0";"0";"0";"0";"0";"0";"0";"0";"0";"0";"0";"0";"0";"0";"0";"0";"0";"0";"0";"0";"0";"0";"0";"0";"0";"0";"0";"0";"0";"0";"0";"0";"0";"0";"0";"";"";"";"";"";"";"";"Enthält SULFITE";"";"";"3"
"46501";"Handelshof";"13077062";"KL";"Kundenlistung";"09.04.2024";"01.01.2050";"00000040122076";"1361700001";"0,75L ESSIG+ZITRONE 5%               KUE";"";"Flasche";"";"1 x 1 Flasche";"Flasche";"";" ";"ESSIG / ZITRONENSAFT";"ESSIG STANDARD";"Kühne";"";"0";"0";"4012200000007";"19600";"1";"EUR";" ";"2.109";"2.109";"1";"1";"0";"0";"0";"0";"0";"0";"0";"0";"0";"0";"0";"0";"0";"0";"0";"0";"0";"0";"0";"0";"0";"0";"0";"0";"0";"0";"0";"0";"0";"0";"0";"0";"0";"0";"0";"0";"0";"0";"0";"0";"0";"0";"0";"0";"0";"0";"0";"0";"0";"0";"0";"0";"0";"0";"0";"0";"0";"0";"0";"0";"0";"22";"0.1";"0.1";"0.9";"0.2";"";"0";"Zutaten: Branntweinessig, Zitronensaft (10%), natürliches Aroma, Verdickungsmittel Johannisbrotkernmehl.";"";"";"3"
"46501";"Handelshof";"13077062";"KL";"Kundenlistung";"09.04.2024";"01.01.2050";"00000040122038";"1361300001";"0,75L SUROL ESSIG KUE";"";"Flasche";"";"1 x 1 Flasche";"Flasche";"";" ";"ESSIG / ZITRONENSAFT";"ESSIG STANDARD";"Kühne";"";"0";"0";"4012200000007";"19000";"1";"EUR";" ";"1.685";"1.685";"1";"1";"0";"0";"0";"0";"0";"0";"0";"0";"0";"0";"0";"0";"0";"0";"0";"0";"0";"0";"0";"0";"0";"0";"0";"0";"0";"0";"0";"0";"0";"0";"0";"0";"0";"0";"0";"0";"0";"0";"0";"0";"0";"0";"0";"0";"0";"0";"0";"0";"0";"0";"0";"0";"0";"0";"0";"0";"0";"0";"0";"0";"0";"17";"0.1";"0.1";"0.1";"0.1";"";"0";"Zutaten: Branntweinessig, Kräuter- und Gewürzextrakte";"";"";"3"
"46501";"Handelshof";"13077062";"KL";"Kundenlistung";"09.04.2024";"01.01.2050";"08032793343349";"2287300001";"1KG   TOMATEN STUECKIG         POM";"";"Packung";"";"1 x 1 Packung";"Packung";"";" ";"GEMUESE- / OBSTKONSERVEN";"TOMATENKONSERVEN";"Pomito";"";"0";"0";"4008100000001";"67712";"1";"EUR";" ";"3.275";"3.275";"1";"1";"0";"0";"0";"0";"0";"0";"0";"0";"0";"0";"0";"0";"0";"0";"0";"0";"0";"0";"0";"0";"0";"0";"0";"0";"0";"0";"0";"0";"0";"1";"0";"0";"0";"0";"0";"0";"0";"0";"0";"0";"0";"0";"0";"0";"0";"0";"0";"0";"0";"0";"0";"0";"0";"0";"0";"0";"0";"0";"0";"0";"0";"21";"1";"0.2";"3";"3";"";"0.2";"Zutaten: Tomaten";"";"";"3"
"46501";"Handelshof";"13077062";"KL";"Kundenlistung";"09.04.2024";"01.01.2050";"04002809003141";"1960970001";"1KG BACKPULVER RUF";"";"Faltschachtel";"";"1 x 1 Faltschachtel";"Faltschachtel";"";" ";"PUDDING/SAUCEN/BACKZUTATEN";"BACKZUTATEN GV";"RUF";"";"0";"0";"4002809000003";"15890";"1";"EUR";" ";"4.759";"4.759";"1";"1";"0";"0";"1";"0";"0";"1";"1";"1";"0";"0";"0";"0";"0";"0";"0";"0";"0";"0";"0";"0";"0";"0";"0";"0";"0";"0";"0";"0";"0";"1";"0";"0";"0";"0";"0";"0";"0";"0";"0";"0";"0";"0";"0";"0";"0";"0";"0";"0";"0";"0";"0";"0";"0";"0";"0";"0";"0";"0";"0";"0";"0";"86";"0.1";"0";"21.4";"0";"";"44.8";"Zutaten: Backtriebmittel (Diphosphate, Natriumcarbonate), Maisstärke. Kann Spuren von EI, MILCH, SOJA und SCHALENFRÜCHTEN enthalten.";"";"";"3"
"46501";"Handelshof";"13077062";"KL";"Kundenlistung";"09.04.2024";"01.01.2050";"04104420021785";"1208560001";"1KG BIO ROHRZUCKER ALN";"";"Packung";"";"1 x 1 Packung";"Packung";"";" ";"ZUCKER / SALZ";"BIO";"Alnatura Produktions";"";"0";"0";"4104420000001";"129081";"1";"EUR";" ";"2.957";"2.957";"1";"1";"0";"0";"0";"0";"0";"0";"0";"0";"0";"0";"0";"0";"0";"0";"0";"0";"0";"0";"0";"0";"0";"0";"0";"0";"0";"0";"0";"0";"0";"0";"0";"0";"0";"0";"0";"0";"0";"0";"0";"0";"0";"0";"0";"0";"0";"0";"0";"0";"0";"0";"0";"0";"0";"0";"0";"0";"0";"0";"0";"0";"0";"";"";"";"";"";"";"";"";"";"";"3"
"46501";"Handelshof";"13077062";"KL";"Kundenlistung";"09.04.2024";"01.01.2050";"03228170831409";"9873780001";"1KG BROMBEERPUREE PONTHIER";"";"Beutel";"";"1 x 1 Beutel";"Beutel";"";" ";"OBST UND GEMUESE";"CONVENIENCE";"NIGGEMANN FOOD O+G";"";"0";"0";"4009164000006";"7286601";"1";"EUR";" ";"14.829";"14.829";"1";"1";"0";"0";"0";"0";"0";"0";"0";"0";"0";"0";"0";"0";"0";"0";"0";"0";"0";"0";"0";"0";"0";"0";"0";"0";"0";"0";"0";"0";"0";"0";"0";"0";"0";"0";"0";"0";"0";"0";"0";"0";"0";"0";"0";"0";"0";"0";"0";"0";"0";"0";"0";"0";"0";"0";"0";"0";"0";"0";"0";"0";"0";"";"";"";"";"";"";"";"";"";"";"3"
"46501";"Handelshof";"13077062";"KL";"Kundenlistung";"09.04.2024";"01.01.2050";"04045500226136";"1030930001";"1KG CREME FRAICHE 38%           GASTRO";"";"Eimer";"";"1 x 1 Eimer";"Eimer";"";" ";"MOPRO / BUTTER / EIER";"SAHNE/CREME FRAICHE";"FRISCHLI-MILCHWERKE";"";"0";"0";"4045500000002";"2992";"1";"EUR";" ";"7.727";"7.727";"1";"1";"0";"0";"0";"0";"0";"0";"0";"0";"0";"0";"0";"0";"0";"0";"0";"0";"0";"0";"0";"0";"0";"0";"0";"0";"0";"0";"0";"0";"0";"0";"0";"0";"0";"0";"0";"0";"0";"0";"0";"0";"0";"0";"0";"0";"0";"0";"0";"0";"0";"0";"0";"0";"0";"0";"0";"0";"0";"0";"0";"0";"0";"358";"2.1";"38";"2";"2";"";"0.08";"Zutaten: CREME FRAICHE";"";"";"3"
"46501";"Handelshof";"13077062";"KL";"Kundenlistung";"09.04.2024";"01.01.2050";"04027900612047";"2178920001";"1KG CURRY PIRAT FU";"";"Packung";"";"1 x 1 Packung";"Packung";"";" ";"GEWUERZE";"GV-PACKUNGEN";"Fuchs";"";"0";"0";"4041974000005";"10161027";"1";"EUR";" ";"8.999";"8.999";"1";"1";"0";"0";"0";"0";"0";"0";"0";"0";"0";"0";"0";"0";"0";"0";"0";"0";"0";"0";"0";"0";"0";"0";"0";"0";"0";"0";"0";"0";"0";"0";"0";"0";"0";"0";"0";"0";"0";"0";"0";"0";"0";"0";"0";"0";"0";"0";"0";"0";"0";"0";"0";"0";"0";"0";"0";"0";"0";"0";"0";"0";"0";"401";"12.9";"12.2";"51.9";"6.6";"";"0.15";"Zutaten: Curcuma, Cumin, Coriander, Bockshornklee, Petersilie, Chili, Knoblauch, Fenchel, Gewürze. [Spuren: Sellerie, Senf]";"";"";"3"
"46501";"Handelshof";"13077062";"KL";"Kundenlistung";"09.04.2024";"01.01.2050";"04100240360301";"1181330001";"1KG EIERSTICH";"";"Beutel";"";"1 x 1 Beutel";"Beutel";"";" ";"TK FERTIGGER./FLEISCHGER.";"SUPPENUDELN/EINLAGEN";"VALENZI GmbH";"";"0";"0";"4100240000009";"36030";"1";"EUR";" ";"8.257";"8.257";"1";"1";"0";"0";"1";"0";"0";"0";"1";"0";"0";"0";"0";"0";"0";"0";"0";"0";"0";"0";"0";"0";"0";"0";"0";"0";"0";"0";"0";"0";"0";"1";"0";"0";"0";"0";"0";"0";"0";"0";"0";"0";"0";"0";"0";"0";"0";"0";"0";"0";"0";"0";"0";"0";"0";"0";"0";"0";"0";"0";"0";"0";"0";"97";"9.3";"5.7";"2";"1.9";"";"1.3";"Zutaten: VOLLEI (59%), MAGERMILCH, Speisesalz, Gewürze (Muskatnuß-Extrakt)";"";"";"3"
"46501";"Handelshof";"13077062";"KL";"Kundenlistung";"09.04.2024";"01.01.2050";"03228170819407";"9871040001";"1KG ERDBEERPUEREE PONTHIER";"";"Beutel";"";"1 x 1 Beutel";"Beutel";"";" ";"OBST UND GEMUESE";"CONVENIENCE";"NIGGEMANN FOOD O+G";"";"0";"0";"4009164000006";"7287401";"1";"EUR";" ";"11.649";"11.649";"1";"1";"0";"0";"0";"0";"0";"0";"0";"0";"0";"0";"0";"0";"0";"0";"0";"0";"0";"0";"0";"0";"0";"0";"0";"0";"0";"0";"0";"0";"0";"0";"0";"0";"0";"0";"0";"0";"0";"0";"0";"0";"0";"0";"0";"0";"0";"0";"0";"0";"0";"0";"0";"0";"0";"0";"0";"0";"0";"0";"0";"0";"0";"";"";"";"";"";"";"";"";"";"";"3"
"46501";"Handelshof";"13077062";"KL";"Kundenlistung";"09.04.2024";"01.01.2050";"05010115934379";"1441120001";"1KG FAIRTR.BRAUNER ROHRZUCKER       DEM";"";"Beutel";"";"1 x 1 Beutel";"Beutel";"";" ";"ZUCKER / SALZ";"ZUCKER";"TATE";"";"0";"0";"5010115000005";"17/851";"1";"EUR";" ";"4.017";"4.017";"1";"1";"0";"0";"0";"0";"0";"0";"0";"0";"0";"0";"0";"0";"0";"0";"0";"0";"0";"0";"0";"0";"0";"0";"0";"0";"0";"0";"0";"0";"0";"0";"0";"0";"0";"0";"0";"0";"0";"0";"0";"0";"0";"0";"0";"0";"0";"0";"0";"0";"0";"0";"0";"0";"0";"0";"0";"0";"0";"0";"0";"0";"0";"396";"";"";"98.5";"98.5";"";"";"Rohrzucker";"";"";"3"
"46501";"Handelshof";"13077062";"KL";"Kundenlistung";"09.04.2024";"01.01.2050";"04007801104865";"1935650001";"1KG GEKOERNTE BRUEHE KNORR";"";"Dose";"";"1 x 1 Dose";"Dose";"";" ";"TROCKENSUPPEN UND SAUCEN";"BOUILLONS GV";"Knorr";"";"0";"0";"4007801000006";"0486";"1";"EUR";" ";"16.949";"16.949";"1";"1";"0";"0";"0";"0";"0";"0";"0";"0";"0";"0";"0";"0";"0";"0";"0";"0";"0";"0";"0";"0";"0";"0";"0";"0";"0";"0";"0";"0";"0";"0";"0";"0";"0";"0";"0";"0";"0";"0";"0";"0";"0";"0";"0";"0";"0";"0";"0";"0";"0";"0";"0";"0";"0";"0";"0";"0";"0";"0";"0";"0";"0";"4";"0.1";"0.1";"0.6";"0.3";"";"0.87";"Zutaten: jodiertes Speisesalz, Zucker, Maltodextrin, Hefeextrakt, Palmöl, Aroma, Stärke, Säuerungsmittel (Citronensäure), 1% Blumenkohlpulver, 0.6% Tomatenpulver, Gewürze, Zwiebelsaftkonzentrat, Sonnenblumenöl. Kann Spuren von Gluten, Milch, Ei und Sellerie enthalten.";"";"";"3"
"46501";"Handelshof";"13077062";"KL";"Kundenlistung";"09.04.2024";"01.01.2050";"04008671024000";"1852580001";"1KG GELIERZUCKER";"";"Packung";"";"1 x 1 Packung";"Packung";"";" ";"ZUCKER / SALZ";"ZUCKER";"Sweet Family";"";"0";"0";"4008671000004";"2400";"1";"EUR";" ";"2.215";"2.215";"1";"1";"0";"0";"0";"0";"0";"0";"0";"0";"0";"0";"0";"0";"0";"0";"0";"0";"0";"0";"0";"0";"0";"0";"0";"0";"0";"0";"0";"0";"0";"1";"0";"0";"0";"0";"0";"0";"0";"0";"0";"0";"0";"0";"0";"0";"0";"0";"0";"0";"0";"0";"0";"0";"0";"0";"0";"0";"0";"0";"0";"0";"0";"398";"0";"0.3";"98.2";"98.2";"";"0.2";"Zutaten: Zucker, Säuerungsmittel Citronensäure, Geliermittel Pektin, pflanzliches Öl (gehärtetes Palmöl).";"";"";"3"
"46501";"Handelshof";"13077062";"KL";"Kundenlistung";"09.04.2024";"01.01.2050";"04260066169455";"1086160001";"1KG GRAVAD LACHS VORGESCHN.OHNE HAUT";"";"Stück";"";"1 x 1 Stück";"Stück";"";" ";"SB-RAEUCHERFISCH";"LACHS";"Industriemarke";"";"0";"0";"4260066160001";"1945";"1";"EUR";" ";"28.185";"28.185";"1";"1";"0";"0";"0";"1";"0";"0";"0";"0";"0";"0";"0";"0";"0";"0";"0";"0";"0";"0";"0";"0";"0";"0";"0";"0";"0";"0";"0";"0";"0";"0";"0";"0";"0";"0";"0";"0";"0";"0";"0";"0";"0";"0";"0";"0";"0";"0";"0";"0";"0";"0";"0";"0";"0";"0";"0";"0";"0";"0";"0";"0";"0";"207";"19.7";"13.9";"0.9";"0.9";"";"3";"Zutaten: LACHS, Salz, Zucker, Dill, Gewürze";"";"";"3"
"46501";"Handelshof";"13077062";"KL";"Kundenlistung";"09.04.2024";"01.01.2050";"04027900612559";"2174900001";"1KG GULASCHGEWUERZ FU";"";"Packung";"";"1 x 1 Packung";"Packung";"";" ";"GEWUERZE";"GV-PACKUNGEN";"Fuchs";"";"0";"0";"4041974000005";"10161039";"1";"EUR";" ";"11.119";"11.119";"1";"1";"0";"0";"0";"0";"0";"0";"0";"0";"0";"0";"0";"0";"0";"0";"0";"0";"0";"0";"0";"0";"0";"0";"0";"0";"0";"0";"0";"0";"0";"0";"0";"0";"0";"0";"0";"0";"0";"0";"0";"0";"0";"0";"0";"0";"0";"0";"0";"0";"0";"0";"0";"0";"0";"0";"0";"0";"0";"0";"0";"0";"0";"353";"14.5";"12.5";"37";"30";"";"0";"Zutaten: Paprika, Zwiebel, Majoran, Kümmel, Chillies, Knoblauch. [Spuren: Sellerie, Senf]";"";"";"3"
"46501";"Handelshof";"13077062";"KL";"Kundenlistung";"09.04.2024";"01.01.2050";"04002624014452";"2019630001";"1KG HASELNUSSKROKANT STREUSEL         INS";"";"Beutel";"";"1 x 1 Beutel";"Beutel";"";" ";"PUDDING/SAUCEN/BACKZUTATEN";"BACKZUTATEN GV";"INSULA";"";"0";"0";"4002624000004";"1445";"1";"EUR";" ";"8.999";"8.999";"1";"1";"0";"0";"0";"0";"0";"0";"0";"1";"0";"0";"0";"0";"0";"0";"0";"0";"0";"0";"0";"0";"1";"1";"0";"0";"0";"0";"0";"0";"0";"0";"0";"0";"0";"0";"0";"0";"0";"0";"0";"0";"0";"0";"0";"0";"0";"0";"0";"0";"0";"0";"0";"0";"0";"0";"0";"0";"0";"0";"0";"0";"0";"457";"3.3";"13";"81";"81";"";"0";"Zutaten: Zucker, HASELNÜSSE";"";"";"3"
"46501";"Handelshof";"13077062";"KL";"Kundenlistung";"09.04.2024";"01.01.2050";"04004820801195";"1132490001";"1KG HIRTENSALAT DAHLHOFF";"";"Schale";"";"1 x 1 Schale";"Schale";"";" ";"FISCH / SALATE";"SALATE GV";"Dahlhoff Feinkost";"";"0";"0";"4004820000000";"119";"1";"EUR";" ";"12.709";"12.709";"1";"1";"0";"0";"0";"0";"0";"0";"1";"0";"0";"0";"0";"0";"0";"0";"0";"0";"0";"0";"0";"0";"0";"0";"0";"0";"0";"0";"0";"0";"0";"0";"0";"0";"0";"0";"0";"1";"0";"0";"0";"0";"0";"0";"0";"0";"0";"0";"0";"0";"0";"0";"0";"0";"0";"0";"0";"0";"0";"0";"0";"0";"0";"135";"5.9";"8.8";"8.1";"8";"";"0.9";"Zutaten: Käse 28 % (aus KUHMILCH, 45 % Fett i. Tr., in Salzlake gereift), Paprika 20 %, Wasser, Gurken 11 %, Zwiebeln 10 %, Zucker, Branntweinessig, schwarze Oliven (geschwärzt) [Oliven, Speisesalz, Stabilisator: Eisen-II-gluconat], Rapsöl, Pfeffer, Oregano.";"";"";"3"
"46501";"Handelshof";"13077062";"KL";"Kundenlistung";"09.04.2024";"01.01.2050";"05411361998502";"1108340001";"1KG KASTANIEN/ MARONEN         ARDO";"";"Beutel";"";"1 x 1 Beutel";"Beutel";"";" ";"TK GEMUESE/OBST/KARTOFFELN";"GEMUESE";"ARDO";"";"0";"0";"4260197910001";"10002219";"1";"EUR";" ";"13.769";"13.769";"1";"1";"0";"0";"0";"0";"0";"0";"0";"0";"0";"0";"0";"0";"0";"0";"0";"0";"0";"0";"0";"0";"0";"0";"0";"0";"0";"0";"0";"0";"0";"0";"0";"0";"0";"0";"0";"0";"0";"0";"0";"0";"0";"0";"0";"0";"0";"0";"0";"0";"0";"0";"0";"0";"0";"0";"0";"0";"0";"0";"0";"0";"0";"176";"2.3";"2.7";"33.6";"6.7";"";"0.03";"";"";"";"3"
"46501";"Handelshof";"13077062";"KL";"Kundenlistung";"09.04.2024";"01.01.2050";"04003478020019";"2011430001";"1KG MANDELN GEHOBELT KOE";"";"Beutel";"";"1 x 1 Beutel";"Beutel";"";" ";"PUDDING/SAUCEN/BACKZUTATEN";"BACKZUTATEN GV";"Koenig Backmittel";"";"0";"0";"4003478000004";"21399";"1";"EUR";" ";"12.497";"12.497";"1";"1";"0";"0";"0";"0";"0";"0";"0";"0";"0";"0";"0";"0";"0";"0";"0";"0";"0";"0";"0";"0";"0";"0";"0";"0";"0";"0";"0";"0";"0";"0";"0";"0";"0";"0";"0";"0";"0";"0";"0";"0";"0";"0";"0";"0";"0";"0";"0";"0";"0";"0";"0";"0";"0";"0";"0";"0";"0";"0";"0";"0";"0";"642";"26";"55";"4.5";"4.5";"";"0.01";"Zutaten: MANDELN";"";"";"3"
"46501";"Handelshof";"13077062";"KL";"Kundenlistung";"09.04.2024";"01.01.2050";"04100240360257";"1181310001";"1KG MARKKLOESSCHEN 10G";"";"Beutel";"";"1 x 1 Beutel";"Beutel";"";" ";"TK FERTIGGER./FLEISCHGER.";"SUPPENUDELN/EINLAGEN";"VALENZI GmbH";"";"0";"0";"4100240000009";"36025";"1";"EUR";" ";"6.879";"6.879";"1";"1";"0";"0";"1";"0";"0";"0";"0";"0";"0";"0";"0";"0";"0";"0";"1";"0";"0";"0";"0";"0";"0";"0";"0";"0";"0";"0";"0";"0";"0";"1";"0";"0";"0";"0";"0";"0";"0";"0";"0";"0";"0";"0";"0";"0";"0";"0";"0";"0";"0";"0";"0";"0";"0";"0";"0";"0";"0";"0";"0";"0";"0";"269";"7";"17";"21";"0.5";"";"2.1";"Zutaten: Paniermehl (WEIZENMEHL, Wasser, Hefe, Salz), VOLLEI, Wasser, 15% Rinderknochenmarkfett, Jodsalz, Zucker, Gewürze, Hefe, Gewürzextrakte, Petersilie";"";"";"3"
"46501";"Handelshof";"13077062";"KL";"Kundenlistung";"09.04.2024";"01.01.2050";"04100240360448";"1185420001";"1KG MARKKLOESSCHEN 3G";"";"Beutel";"";"1 x 1 Beutel";"Beutel";"";" ";"TK FERTIGGER./FLEISCHGER.";"SUPPENUDELN/EINLAGEN";"VALENZI GmbH";"";"0";"0";"4100240000009";"36044";"1";"EUR";" ";"6.349";"6.349";"1";"1";"0";"0";"1";"0";"0";"0";"0";"0";"0";"0";"0";"0";"0";"0";"1";"0";"0";"0";"0";"0";"0";"0";"0";"0";"0";"0";"0";"0";"0";"1";"0";"0";"0";"0";"0";"0";"0";"0";"0";"0";"0";"0";"0";"0";"0";"0";"0";"0";"0";"0";"0";"0";"0";"0";"0";"0";"0";"0";"0";"0";"0";"269";"7";"17";"21";"0.5";"";"2.1";"Zutaten: Paniermehl (WEIZENMEHL, Hefe, Salz), VOLLEI, Wasser, 15% Rinderknochenmarkfett, Jodsalz, Zucker, Gewürze, Gewürzextrakte, Petersilie.";"";"";"3"
"46501";"Handelshof";"13077062";"KL";"Kundenlistung";"09.04.2024";"01.01.2050";"04027900614058";"2179030001";"1KG PAPRIKA SCHAERFEFREI      FU";"";"Packung";"";"1 x 1 Packung";"Packung";"";" ";"GEWUERZE";"GV-PACKUNGEN";"Fuchs";"";"0";"0";"4041974000005";"10161069";"1";"EUR";" ";"10.589";"10.589";"1";"1";"0";"0";"0";"0";"0";"0";"0";"0";"0";"0";"0";"0";"0";"0";"0";"0";"0";"0";"0";"0";"0";"0";"0";"0";"0";"0";"0";"0";"0";"0";"0";"0";"0";"0";"0";"0";"0";"0";"0";"0";"0";"0";"0";"0";"0";"0";"0";"0";"0";"0";"0";"0";"0";"0";"0";"0";"0";"0";"0";"0";"0";"358";"14.8";"13";"34.9";"33.2";"";"0.08";"Zutaten: Paprika. [Spuren: Sellerie, Senf]";"";"";"3"
"46501";"Handelshof";"13077062";"KL";"Kundenlistung";"09.04.2024";"01.01.2050";"03228170865404";"9871070001";"1KG PASSIONSFRUCHT- PUEREE PONTHIER";"";"Beutel";"";"1 x 1 Beutel";"Beutel";"";" ";"OBST UND GEMUESE";"CONVENIENCE";"NIGGEMANN FOOD O+G";"";"0";"0";"4009164000006";"7288101";"1";"EUR";" ";"12.709";"12.709";"1";"1";"0";"0";"0";"0";"0";"0";"0";"0";"0";"0";"0";"0";"0";"0";"0";"0";"0";"0";"0";"0";"0";"0";"0";"0";"0";"0";"0";"0";"0";"0";"0";"0";"0";"0";"0";"0";"0";"0";"0";"0";"0";"0";"0";"0";"0";"0";"0";"0";"0";"0";"0";"0";"0";"0";"0";"0";"0";"0";"0";"0";"0";"";"";"";"";"";"";"";"";"";"";"3"
"46501";"Handelshof";"13077062";"KL";"Kundenlistung";"09.04.2024";"01.01.2050";"04027900614690";"2177400001";"1KG PFEFFER WEISS GANZ              FU";"";"Packung";"";"1 x 1 Packung";"Packung";"";" ";"GEWUERZE";"GV-PACKUNGEN";"Fuchs";"";"0";"0";"4041974000005";"10161079";"1";"EUR";" ";"24.327";"24.327";"1";"1";"0";"0";"0";"0";"0";"0";"0";"0";"0";"0";"0";"0";"0";"0";"0";"0";"0";"0";"0";"0";"0";"0";"0";"0";"0";"0";"0";"0";"0";"0";"0";"0";"0";"0";"0";"0";"0";"0";"0";"0";"0";"0";"0";"0";"0";"0";"0";"0";"0";"0";"0";"0";"0";"0";"0";"0";"0";"0";"0";"0";"0";"326";"10.4";"2.1";"64.3";"61";"";"0";"Zutaten: Pfeffer weiss.";"";"";"3"
"46501";"Handelshof";"13077062";"KL";"Kundenlistung";"09.04.2024";"01.01.2050";"04002809037108";"1967690001";"1KG RASPELSCHOKOLADE ZARTBITTER      RUF";"";"Faltschachtel";"";"1 x 1 Faltschachtel";"Faltschachtel";"";" ";"PUDDING/SAUCEN/BACKZUTATEN";"BACKZUTATEN GV";"RUF";"";"0";"0";"4002809000003";"3710";"1";"EUR";" ";"11.819";"11.819";"1";"1";"0";"0";"0";"0";"0";"0";"1";"1";"0";"0";"0";"0";"0";"0";"0";"0";"0";"0";"0";"0";"1";"1";"0";"0";"0";"0";"1";"0";"0";"1";"0";"0";"0";"0";"0";"0";"0";"0";"0";"0";"0";"0";"0";"0";"0";"0";"0";"0";"0";"0";"0";"0";"0";"0";"0";"0";"0";"0";"0";"0";"0";"506";"6.4";"27.6";"53.8";"47.5";"";"0";"Zutaten: Kakaomasse, Zucker, Kakaobutter, Emulgatoren (Lecithine, Polyglycerin-Polyricinoleat). Kakao: 50 % mindestens Kann Spuren von MILCH und SCHALENFRÜCHTEN (Mandel, Haselnuss, Pistazie) enthalten.";"";"";"3"
"46501";"Handelshof";"13077062";"KL";"Kundenlistung";"09.04.2024";"01.01.2050";"04000286231286";"1916500001";"1KG RISOTTO REIS MM";"";"Packung";"";"1 x 1 Packung";"Packung";"";" ";"HUELSENFRUECHTE / REIS";"REIS";"Müller´s Mühle";"";"0";"0";"4000286000004";"821293";"1";"EUR";" ";"4.229";"4.229";"1";"1";"0";"0";"0";"0";"0";"0";"0";"0";"0";"0";"0";"0";"0";"0";"0";"0";"0";"0";"0";"0";"0";"0";"0";"0";"0";"0";"0";"0";"0";"1";"0";"0";"0";"0";"0";"0";"0";"0";"0";"0";"0";"0";"0";"0";"0";"0";"0";"0";"0";"0";"0";"0";"0";"0";"0";"0";"0";"0";"0";"0";"0";"351";"7";"0.5";"79";"0.2";"";"0.01";"";"";"";"3"
"46501";"Handelshof";"13077062";"KL";"Kundenlistung";"09.04.2024";"01.01.2050";"04000286231415";"1916530001";"1KG ROTE LINSEN MM";"";"Packung";"";"1 x 1 Packung";"Packung";"";" ";"HUELSENFRUECHTE / REIS";"HUELSENFRUECHTE";"Müller´s Mühle";"";"0";"0";"4000286000004";"821423";"1";"EUR";" ";"3.805";"3.805";"1";"1";"0";"0";"0";"0";"0";"0";"0";"0";"0";"0";"0";"0";"0";"0";"0";"0";"0";"0";"0";"0";"0";"0";"0";"0";"0";"0";"0";"0";"0";"1";"0";"0";"0";"0";"0";"0";"0";"0";"0";"0";"0";"0";"0";"0";"0";"0";"0";"0";"0";"0";"0";"0";"0";"0";"0";"0";"0";"0";"0";"0";"0";"337";"26";"1.4";"49";"1.2";"";"0.01";"";"";"";"3"
"46501";"Handelshof";"13077062";"KL";"Kundenlistung";"09.04.2024";"01.01.2050";"04008241150504";"1873400001";"1KG SAHNESTEIF OE";"";"Faltschachtel";"";"1 x 1 Faltschachtel";"Faltschachtel";"";" ";"PUDDING/SAUCEN/BACKZUTATEN";"BACKZUTATEN GV";"DR. OETKER PROFESSIO";"";"0";"0";"4006733000009";"1-39-201505";"1";"EUR";" ";"11.649";"11.649";"1";"1";"0";"0";"0";"0";"0";"0";"0";"0";"0";"0";"0";"0";"0";"0";"0";"0";"0";"0";"0";"0";"0";"0";"0";"0";"0";"0";"0";"0";"0";"1";"0";"0";"0";"0";"0";"0";"0";"0";"0";"0";"0";"0";"0";"0";"0";"0";"0";"0";"0";"0";"0";"0";"0";"0";"0";"0";"0";"0";"0";"0";"0";"363";"0";"0";"91";"54";"";"0.41";"Zutaten: Dextrose, modifizierte Kartoffelstärke (E 1412), Trennmittel (Calciumphosphate (E 341)), Im Rahmen der Produktion werden auch verarbeitet: (MILCH/LAKTOSE, EI, GLUTENHALTIGES GETREIDE, SCHALENFRÜCHTE), Technologisch unvermeidbare Spuren können daher nicht ausgeschlossen werden..";"";"";"3"
"46501";"Handelshof";"13077062";"KL";"Kundenlistung";"09.04.2024";"01.01.2050";"08001250861764";"1860240001";"1KG SEMOLA D.GRAN.D. HARTWEIZENGRIESS  DC";"";"Packung";"";"1 x 1 Packung";"Packung";"";" ";"TEIGWAREN/KARTOFFELERZEUG.";"TEIGWAREN";"De Cecco";"";"0";"0";"4399901775299";"0FW0176";"1";"EUR";" ";"3.763";"3.763";"1";"1";"0";"0";"0";"0";"0";"0";"0";"0";"0";"0";"0";"0";"0";"0";"0";"0";"0";"0";"0";"0";"0";"0";"0";"0";"0";"0";"0";"0";"0";"0";"0";"0";"0";"0";"0";"0";"0";"0";"0";"0";"0";"0";"0";"0";"0";"0";"0";"0";"0";"0";"0";"0";"0";"0";"0";"0";"0";"0";"0";"0";"0";"347";"12";"1.5";"70";"3";"";"0";"Zutaten:Mehl aus HARTWEIZENGRIEß";"";"";"3"
"46501";"Handelshof";"13077062";"KL";"Kundenlistung";"09.04.2024";"01.01.2050";"04007456871129";"1039170001";"1KG WAKAME SEEGRAS- SALAT";"";"Packung";"";"1 x 1 Packung";"Packung";"";" ";"TK GV FISCH";"CONVENIENCE FRISCHFISCH";"RUD.KANZOW GMBH & CO";"";"0";"0";"4007456000000";"871287001";"1";"EUR";" ";"7.409";"7.409";"1";"1";"1";"0";"0";"0";"0";"1";"0";"0";"0";"0";"1";"0";"0";"0";"1";"0";"0";"0";"0";"0";"0";"0";"0";"0";"0";"0";"0";"0";"0";"0";"1";"0";"0";"0";"0";"0";"0";"0";"0";"0";"0";"0";"0";"0";"0";"0";"0";"0";"0";"0";"0";"0";"0";"0";"0";"0";"0";"0";"0";"0";"0";"62";"0.9";"1.6";"11.1";"6.44";"";"0.7";"Zutaten: 77% Seealgen, 10% Marinade (SESAMÖL, Fruchtzucker, Zucker, Salz, SOJASOßE (SOJABOHNEN, Wasser, WEIZEN, Zucker, Salz), Chilistücke, Chilibohnensauce (Chili, Salz, SOJASOßE, SOJAÖL, SESAMÖL), Reisessig, Farbstoffe (E102, E133)), 6% Verdickungsmittel AgarAgar, 6% getrocknete Holunderpilze, SESAM.";"";"";"3"
"46501";"Handelshof";"13077062";"KL";"Kundenlistung";"09.04.2024";"01.01.2050";"04045800435016";"1300620001";"1KG WALDORFSALAT PO";"";"Dose";"";"1 x 1 Dose";"Dose";"";" ";"FISCH / SALATE";"SALATE GV";"Popp";"";"0";"0";"4045800000009";"435016";"1";"EUR";" ";"9.529";"9.529";"1";"1";"0";"0";"1";"0";"1";"1";"1";"0";"1";"1";"0";"1";"0";"0";"1";"0";"0";"0";"0";"0";"0";"1";"0";"0";"0";"0";"0";"0";"0";"0";"0";"0";"0";"0";"0";"0";"0";"0";"0";"0";"0";"0";"0";"0";"0";"0";"0";"0";"0";"0";"0";"0";"0";"0";"0";"0";"0";"0";"0";"0";"0";"268";"1.5";"24.4";"9.6";"6.3";"";"0.85";"Zutaten: SELLERIE 23 %, Äpfel 20 %, Rapsöl, Wasser, SAHNE, HASELNÜSSE 5 %, Ananas, Mandarinen, Zucker, EIGELB (aus Bodenhaltung), Gewürze, Speisesalz, SENFSAAT, Maisstärke, WEIZENSTÄRKE, Branntweinessig, Säuerungsmittel: Weinsäure (L+), Citronensäure; Säureregulator: Natriumacetate; Traubenzucker, Maltodextrine, Eiweißhydrolysat (Mais, SOJA); Verdickungsmittel: Guarkernmehl, Xanthan, Johannisbrotkernmehl; Konservierungsstoffe: Kaliumsorbat, Natriumbenzoat; Antioxidationsmittel: NATRIUMMETABISULFIT; Aroma. Kann Spuren von ERDNÜSSEN enthalten.";"";"";"3"
"46501";"Handelshof";"13077062";"KL";"Kundenlistung";"09.04.2024";"01.01.2050";"04006363100070";"2704540001";"1KG WEIZENMEHL TYP 405          FRI";"";"Packung";"";"1 x 1 Packung";"Packung";"";" ";"MEHL/KUCHENMISCHG./PANIERM.";"MEHL";"Mühlen König";"";"0";"0";"4006363000004";"210012";"1";"EUR";" ";"0.731";"0.731";"1";"1";"1";"0";"0";"0";"0";"0";"0";"0";"0";"0";"0";"0";"0";"0";"1";"0";"0";"0";"0";"0";"0";"0";"0";"0";"0";"0";"0";"0";"0";"1";"0";"0";"0";"0";"0";"0";"0";"0";"0";"0";"0";"0";"0";"0";"0";"0";"0";"0";"0";"0";"0";"0";"0";"0";"0";"0";"0";"0";"0";"0";"0";"336";"11";"1.1";"69";"0.5";"";"0.01";"Zutaten: WEIZENMEHL Type 405";"";"";"3"
"46501";"Handelshof";"13077062";"KL";"Kundenlistung";"09.04.2024";"01.01.2050";"03523230041379";"1069450001";"1KG ZIEGEN FRISCH- KAESEROLLE SOIGNON";"";"Stück";"";"1 x 1 Stück";"Stück";"";" ";"KAESE";"ZIEGENKAESE";"Keine";"";"0";"0";"4017118000002";"02976 /FROMKA";"1";"EUR";" ";"16.419";"16.419";"1";"1";"0";"0";"0";"0";"0";"0";"1";"0";"0";"0";"0";"0";"0";"0";"0";"0";"0";"0";"0";"0";"0";"0";"0";"0";"0";"0";"0";"0";"0";"0";"0";"1";"0";"0";"0";"0";"0";"0";"0";"0";"0";"0";"0";"0";"0";"0";"0";"0";"0";"1";"0";"0";"0";"0";"0";"0";"0";"0";"0";"0";"0";"247";"17";"19";"2";"2";"";"1.5";"Zutaten: ZIEGENMILCH, Salz, Milchsäurebakterien, Labaustauschstoff, Konservierungsstoff E 202 Kaliumsorbat.";"";"";"3"
"46501";"Handelshof";"13077062";"KL";"Kundenlistung";"09.04.2024";"01.01.2050";"04008671013004";"1852510001";"1KG ZUCKER";"";"Packung";"";"1 x 1 Packung";"Packung";"";" ";"ZUCKER / SALZ";"ZUCKER";"Sweet Family";"";"0";"0";"4008671000004";"1300";"1";"EUR";" ";"1.685";"1.685";"1";"1";"0";"0";"0";"0";"0";"0";"0";"0";"0";"0";"0";"0";"0";"0";"0";"0";"0";"0";"0";"0";"0";"0";"0";"0";"0";"0";"0";"0";"0";"1";"0";"0";"0";"0";"0";"0";"0";"0";"0";"0";"0";"0";"0";"0";"0";"0";"0";"0";"0";"0";"0";"0";"0";"0";"0";"0";"0";"0";"0";"0";"0";"400";"0";"0";"100";"100";"";"0";"";"";"";"3"
"46501";"Handelshof";"13077062";"KL";"Kundenlistung";"09.04.2024";"01.01.2050";"04002174047894";"1212980001";"1KG/8G MOZZARELLA GOURMINI BAYERNLAND";"";"Eimer";"";"1 x 1 Eimer";"Eimer";"";" ";"KAESE";"MOZZARELLA";"Bayernland";"";"0";"0";"4002174000004";"4789";"1";"EUR";" ";"9.529";"9.529";"1";"1";"0";"0";"0";"0";"0";"0";"1";"0";"0";"0";"0";"0";"0";"0";"0";"0";"0";"0";"0";"0";"0";"0";"0";"0";"0";"0";"0";"0";"0";"0";"0";"0";"0";"0";"0";"0";"0";"0";"0";"0";"0";"0";"0";"0";"0";"0";"0";"0";"0";"0";"0";"0";"0";"0";"0";"0";"0";"0";"0";"0";"0";"240";"18";"18";"1.5";"1.5";"";"0.6";"Zutaten: pasteurisierte KUHMILCH, Speisesalz, mikrobielles Lab, Säuerungsmittel: Citronensäure";"";"";"3"
"46501";"Handelshof";"13077062";"KL";"Kundenlistung";"09.04.2024";"01.01.2050";"05411188127697";"1167950001";"1L BARISTA DRINK HAFER            ALP";"";"Packung";"";"1 x 1 Packung";"Packung";"";" ";"KONDENSMILCH / H - MILCH";"MILCHERSATZGETRAENKE";"Alpro C.V.A";"";"0";"0";"4016922000000";"80005458";"1";"EUR";" ";"1.59";"1.59";"1";"2";"1";"0";"0";"0";"0";"0";"0";"0";"0";"0";"0";"0";"0";"0";"0";"0";"0";"0";"0";"0";"0";"0";"0";"0";"0";"0";"0";"0";"0";"0";"0";"0";"0";"0";"0";"0";"0";"0";"0";"0";"0";"0";"0";"0";"0";"0";"0";"0";"0";"0";"0";"0";"0";"0";"0";"0";"0";"0";"0";"0";"0";"47";"0.3";"1.3";"8.1";"3.9";"";"0.09";"Zutaten Wasser, HAFER (12%), Sonnenblumenöl, Agavenfaser, Meersalz";"";"";"3"
"46501";"Handelshof";"13077062";"KL";"Kundenlistung";"09.04.2024";"01.01.2050";"04104420186279";"1173200001";"1L BIO HAFERDRINK OHNE ZUCKER      ALN";"";"Packung";"";"1 x 1 Packung";"Packung";"";" ";"KONDENSMILCH / H - MILCH";"MILCHERSATZGETRAENKE";"Alnatura Produktions";"";"0";"0";"4104420000001";"210693";"1";"EUR";" ";"1.155";"1.155";"1";"2";"0";"0";"0";"0";"0";"0";"0";"0";"0";"0";"0";"0";"0";"0";"0";"0";"0";"0";"0";"0";"0";"0";"0";"0";"0";"0";"0";"0";"0";"0";"0";"0";"0";"0";"0";"0";"0";"0";"0";"0";"0";"0";"0";"0";"0";"0";"0";"0";"0";"0";"0";"0";"0";"0";"0";"0";"0";"0";"0";"0";"0";"";"";"";"";"";"";"";"";"";"";"3"
"46501";"Handelshof";"13077062";"KL";"Kundenlistung";"09.04.2024";"01.01.2050";"05411188115557";"1124940001";"1L BIO SOJADRINK NATUR            ALP";"";"Packung";"";"1 x 1 Packung";"Packung";"";" ";"KONDENSMILCH / H - MILCH";"SOJA-DRINKS";"Alpro";"";"0";"0";"4016922000000";"80003680";"1";"EUR";" ";"1.35";"1.35";"1";"2";"0";"0";"0";"0";"0";"1";"0";"0";"0";"0";"0";"0";"0";"0";"0";"0";"0";"0";"0";"0";"0";"0";"0";"0";"0";"0";"0";"0";"0";"0";"0";"0";"0";"0";"0";"0";"0";"0";"0";"0";"0";"0";"0";"0";"0";"0";"0";"0";"0";"0";"0";"0";"0";"0";"0";"0";"0";"0";"0";"0";"0";"38";"3";"1.8";"2.3";"2.3";"";"0.14";"Zutaten: Wasser, geschälte SOJABOHNEN* (8%), roher Rohrzucker*, Meersalz *= aus kontrolliert biologischem Anbau.";"";"";"3"
"46501";"Handelshof";"13077062";"KL";"Kundenlistung";"09.04.2024";"01.01.2050";"04311501694121";"1308780001";"1L BIO +VEGAN SOJA- DRINK NATUR      EDE";"";"Tetrapack";"";"1 x 1 Tetrapack";"Tetrapack";"";" ";"KONDENSMILCH / H - MILCH";"SOJA-DRINKS";"EDEKA RHEIN-RUHR";"";"0";"0";"4313705000005";"4391393004";"1";"EUR";" ";"1.007";"1.007";"1";"2";"0";"1";"0";"1";"0";"1";"1";"0";"1";"0";"1";"1";"0";"0";"1";"0";"0";"0";"0";"0";"0";"0";"0";"0";"0";"0";"0";"0";"0";"0";"0";"0";"0";"0";"0";"0";"0";"0";"0";"0";"0";"0";"0";"0";"0";"0";"0";"0";"0";"0";"0";"0";"0";"0";"0";"0";"0";"0";"0";"0";"0";"463";"7.9";"18";"66";"5.7";"";"6";"Zutaten: WEIZENmehl, Palmöl (enthält Antioxidationsmittel: E319, E320), Tapiokastärke, Salz, Zucker, Gemüse (Knoblauch, Frühlingszwiebel), Geschmacksverstärker: Mononatriumglutamat (E621), Dinatriuminosinat (E631), Dinatriumguanylat (E627); Gewürze (Chili, Zimt, Pfeffer, Sternanis), Maisstärke, Säureregulatoren: Natriumcarbonate (E500), Polyphosphate (E452), Triphosphate (E451); Säuerungsmittel: Apfelsäure (E296); Farbstoff: Ammoniak-Zuckerkulör (E150c); Korianderpulver, Aroma (enthält SOJA), Verdickungsmittel: Carboxymethylcellulose (Natrium-Carboxymethylcellulose, Cellulosegummi) (E466); Hefeextrakt. Kann Spuren von KREBSTIEREN, FISCH, MILCH, SESAMSAMEN, SCHWEFELDIOXID und SELLERIE enthalten.";"";"";"3"
"46501";"Handelshof";"13077062";"KL";"Kundenlistung";"09.04.2024";"01.01.2050";"04073400555551";"1449450001";"1L CONDIMENTO BALSAMICO BIANCO CUL";"";"Flasche";"";"1 x 1 Flasche";"Flasche";"";" ";"ESSIG / ZITRONENSAFT";"BALSAMICO";"CULINARIA DELIKATESS";"";"0";"0";"4073400000006";"55555";"1";"EUR";" ";"7.409";"7.409";"1";"1";"0";"0";"0";"0";"0";"0";"0";"0";"0";"0";"0";"1";"0";"0";"0";"0";"0";"0";"0";"0";"0";"0";"0";"0";"0";"0";"0";"0";"0";"0";"0";"0";"0";"0";"0";"0";"0";"0";"0";"0";"0";"0";"0";"0";"0";"0";"0";"0";"0";"0";"0";"0";"0";"0";"0";"0";"0";"0";"0";"0";"0";"86";"0.2";"0";"22.6";"14";"";"0";"Zutaten: Weinessig, konzentrierter Traubenmost, Antioxidationsmittel SCHEFELDIOXID.";"";"";"3"
"46501";"Handelshof";"13077062";"KL";"Kundenlistung";"09.04.2024";"01.01.2050";"04056100032867";"1218740001";"1L EISROLLE VANILLE";"";"Packung";"";"1 x 1 Packung";"Packung";"";" ";"TK EIS";"EIS HAUSHALTPACKUNG";"LANGNESE";"";"0";"0";"4000400000002";"32867";"1";"EUR";" ";"3.39";"3.39";"1";"1";"0";"0";"0";"0";"0";"0";"1";"0";"0";"0";"0";"0";"0";"0";"0";"0";"0";"0";"0";"0";"0";"0";"0";"0";"0";"0";"0";"0";"0";"0";"0";"0";"0";"0";"0";"0";"0";"0";"0";"0";"0";"0";"0";"0";"0";"0";"0";"0";"0";"0";"0";"0";"0";"0";"0";"0";"0";"0";"0";"0";"0";"90";"1.5";"4";"12";"10";"";"0.06";"Zutaten: Entrahmte MILCH, Wasser, Glukosesirup, Zucker, Kokosfett, MOLKENERZEUGNIS, Glukose-Fruktose-Sirup, Emulgator (Mono- und Diglyceride von Speisefettsäuren), Stabilisatoren (Johannisbrotkernmehl, Guarkernmehl, Carrageen), Aromen, Farbstoff (Carotine).";"";"";"3"
"46501";"Handelshof";"13077062";"KL";"Kundenlistung";"09.04.2024";"01.01.2050";"04311596611492";"1388570001";"1L KOKOSNUSSMILCH EFS CL";"";"Packung";"";"1 x 1 Packung";"Packung";"";" ";"FEINK.-SPEZ./TROCK.FRUECHTE";"ASIEN";"EDEKA EINKAUFSKONTOR";"";"0";"0";"4311502990109";"4062992000";"1";"EUR";" ";"2.39";"2.39";"1";"1";"0";"0";"0";"0";"0";"0";"0";"0";"0";"0";"0";"0";"0";"0";"0";"0";"0";"0";"0";"0";"0";"0";"0";"0";"0";"0";"0";"0";"0";"0";"0";"0";"0";"0";"0";"0";"0";"0";"0";"0";"0";"0";"0";"0";"0";"0";"0";"0";"0";"0";"0";"0";"0";"0";"0";"0";"0";"0";"0";"0";"0";"";"";"";"";"";"";"";"";"";"";"3"
"46501";"Handelshof";"13077062";"KL";"Kundenlistung";"09.04.2024";"01.01.2050";"05411188134985";"1160740001";"1L NOT MLK HAFER- DRINK 3,5%       ALP";"";"Tetrapack";"";"1 x 1 Tetrapack";"Tetrapack";"";" ";"KONDENSMILCH / H - MILCH";"MILCHERSATZGETRAENKE";"Nutricia Milupa GmbH";"";"0";"0";"4016922000000";"80006160";"1";"EUR";" ";"1.897";"1.897";"1";"2";"1";"0";"0";"0";"0";"0";"0";"0";"0";"0";"0";"0";"0";"0";"0";"0";"0";"1";"0";"0";"0";"0";"0";"0";"0";"0";"0";"0";"0";"0";"0";"0";"0";"0";"0";"0";"0";"0";"0";"0";"0";"0";"0";"0";"0";"0";"0";"0";"0";"0";"0";"0";"0";"0";"0";"0";"0";"0";"0";"0";"0";"59";"0.7";"3.5";"5.7";"0";"";"0.12";"Zutaten: HAFERBASIS (94,5%) (Wasser, HAFER (8,3%)), Sonnenblumenöl, Zichorienwurzelfasern, Erbsenprotein, Calcium (Calciumcarbonat), Säureregulator (Kaliumphosphate), natürliche Aromen, Emulgator (Lecithine), Meersalz, Stabilisator (Gellan), Vitamin D2. Von Natur aus laktosefrei.";"BELGIEN";"";"3"
"46501";"Handelshof";"13077062";"KL";"Kundenlistung";"09.04.2024";"01.01.2050";"04073400554561";"1449460001";"1L OLIVENOEL NATIV KRETA            CUL";"";"Flasche";"";"1 x 1 Flasche";"Flasche";"";" ";"FETTE / OELE / MARGARINE";"OLIVEN-OELE";"CULINARIA DELIKATESS";"";"0";"0";"4073400000006";"55456";"1";"EUR";" ";"12.179";"12.179";"1";"1";"0";"0";"0";"0";"0";"0";"0";"0";"0";"0";"0";"0";"0";"0";"0";"0";"0";"0";"0";"0";"0";"0";"0";"0";"0";"0";"0";"0";"0";"0";"0";"0";"0";"0";"0";"0";"0";"0";"0";"0";"0";"0";"0";"0";"0";"0";"0";"0";"0";"0";"0";"0";"0";"0";"0";"0";"0";"0";"0";"0";"0";"";"";"";"";"";"";"";"Zutaten:Olivenöl";"";"";"3"
"46501";"Handelshof";"13077062";"KL";"Kundenlistung";"09.04.2024";"01.01.2050";"04045500231055";"1030570001";"1L SCHLAGSAHNE 33% GASTRO";"";"Packung";"";"1 x 1 Packung";"Packung";"";" ";"MOPRO / BUTTER / EIER";"SAHNE/CREME FRAICHE";"BLF GROSSVERBRAUCHER";"";"0";"0";"4326035000126";"299002";"1";"EUR";" ";"5.819";"5.819";"1";"1";"0";"0";"0";"0";"0";"0";"0";"0";"0";"0";"0";"0";"0";"0";"0";"0";"0";"0";"0";"0";"0";"0";"0";"0";"0";"0";"0";"0";"0";"0";"0";"0";"0";"0";"0";"0";"0";"0";"0";"0";"0";"0";"0";"0";"0";"0";"0";"0";"0";"0";"0";"0";"0";"0";"0";"0";"0";"0";"0";"0";"0";"320";"2.4";"33";"3.3";"3.3";"";"0.08";"Zutaten: SCHLAGSAHNE, Stabilisator Carrageen.";"";"";"3"
"46501";"Handelshof";"13077062";"KL";"Kundenlistung";"09.04.2024";"01.01.2050";"07312040017034";"3136020001";"1,0 ABSOLUT VODKA 40%";"";"Flasche";"";"1 x 1 Flasche";"Flasche";"";" ";"KLARER";"WODKA";"PERNOD RICARD DEUTSC";"";"0";"0";"4005971000000";"134697000";"1";"EUR";" ";"19.069";"19.069";"1";"2";"0";"0";"0";"0";"0";"0";"0";"0";"0";"0";"0";"0";"0";"0";"0";"0";"0";"0";"0";"0";"0";"0";"0";"0";"0";"0";"0";"0";"0";"0";"0";"0";"0";"0";"0";"0";"0";"0";"0";"0";"0";"0";"0";"0";"0";"0";"0";"0";"0";"0";"0";"0";"0";"0";"0";"0";"0";"0";"0";"0";"0";"";"";"";"";"";"";"";"";"";"";"3"
"46501";"Handelshof";"13077062";"KL";"Kundenlistung";"09.04.2024";"01.01.2050";"04013492200014";"3212890001";"1,0 ALLST.SCHLOSSB. SIRUP GRENADINE";"";"Flasche";"";"1 x 1 Flasche";"Flasche";"";" ";"LIKOERE";"SIRUPE";"SCHLOSSBERG SPIRITUO";"";"0";"0";"4013492000003";"21001";"1";"EUR";" ";"5.501";"5.501";"1";"1";"0";"0";"0";"0";"0";"0";"0";"0";"0";"0";"0";"0";"0";"0";"0";"0";"0";"0";"0";"0";"0";"0";"0";"0";"0";"0";"0";"0";"0";"0";"0";"0";"0";"0";"0";"0";"0";"0";"0";"0";"0";"0";"0";"0";"0";"0";"0";"0";"0";"0";"0";"0";"0";"0";"0";"0";"0";"0";"0";"0";"0";"";"";"";"";"";"";"";"";"";"";"3"
"46501";"Handelshof";"13077062";"KL";"Kundenlistung";"09.04.2024";"01.01.2050";"04013492200052";"3212860001";"1,0 ALLST.SCHLOSSB. SIRUP HOLUNDERBLUETE";"";"Flasche";"";"1 x 1 Flasche";"Flasche";"";" ";"LIKOERE";"SIRUPE";"SCHLOSSBERG SPIRITUO";"";"0";"0";"4013492000003";"21005";"1";"EUR";" ";"5.501";"5.501";"1";"1";"0";"0";"0";"0";"0";"0";"0";"0";"0";"0";"0";"0";"0";"0";"0";"0";"0";"0";"0";"0";"0";"0";"0";"0";"0";"0";"0";"0";"0";"0";"0";"0";"0";"0";"0";"0";"0";"0";"0";"0";"0";"0";"0";"0";"0";"0";"0";"0";"0";"0";"0";"0";"0";"0";"0";"0";"0";"0";"0";"0";"0";"";"";"";"";"";"";"";"";"";"";"3"
"46501";"Handelshof";"13077062";"KL";"Kundenlistung";"09.04.2024";"01.01.2050";"08002230000333";"3107530001";"1,0 APEROL 11 %";"";"Flasche";"";"1 x 1 Flasche";"Flasche";"";" ";"APERITIF / SHERRY";"APERITIV";"APEROL";"";"0";"0";"4008958000000";"428138";"1";"EUR";" ";"14.617";"14.617";"1";"2";"0";"0";"0";"0";"0";"0";"0";"0";"0";"0";"0";"0";"0";"0";"0";"0";"0";"0";"0";"0";"0";"0";"0";"0";"0";"0";"0";"0";"0";"0";"1";"0";"0";"0";"0";"0";"0";"0";"0";"0";"0";"0";"0";"0";"0";"0";"1";"0";"0";"0";"0";"0";"0";"0";"0";"0";"0";"0";"0";"0";"0";"";"";"";"";"";"";"";"";"";"";"3"
"46501";"Handelshof";"13077062";"KL";"Kundenlistung";"09.04.2024";"01.01.2050";"08000400203799";"3203810001";"1,0 AVERNA AMARO 29%";"";"Flasche";"";"1 x 1 Flasche";"Flasche";"";" ";"MAGENBITTER";"AMARO";"AVERNA";"";"0";"0";"4008958000000";"429172";"1";"EUR";" ";"15.677";"15.677";"1";"2";"0";"0";"0";"0";"0";"0";"0";"0";"0";"0";"0";"0";"0";"0";"0";"0";"0";"0";"0";"0";"0";"0";"0";"0";"0";"0";"0";"0";"0";"1";"0";"0";"0";"0";"0";"0";"0";"0";"0";"0";"0";"0";"0";"0";"0";"0";"0";"0";"0";"0";"0";"0";"0";"0";"0";"0";"0";"0";"0";"0";"0";"";"";"";"";"";"";"";"";"";"";"3"
"46501";"Handelshof";"13077062";"KL";"Kundenlistung";"09.04.2024";"01.01.2050";"05010677716000";"3139570001";"1,0 BOMBAY SAPPHIRE GIN 40%";"";"Flasche";"";"1 x 1 Flasche";"Flasche";"";" ";"KLARER";"WACHOLDER/GIN";"Bombay Sapphire";"";"0";"0";"4013400000002";"4303000351";"1";"EUR";" ";"18.99";"18.99";"1";"2";"0";"0";"0";"0";"0";"0";"0";"0";"0";"0";"0";"0";"0";"0";"0";"0";"0";"0";"0";"0";"0";"0";"0";"0";"0";"0";"0";"0";"0";"0";"0";"0";"0";"0";"0";"0";"0";"0";"0";"0";"0";"0";"0";"0";"0";"0";"0";"0";"0";"0";"0";"0";"0";"0";"0";"0";"0";"0";"0";"0";"0";"";"";"";"";"";"";"";"";"";"";"3"
"46501";"Handelshof";"13077062";"KL";"Kundenlistung";"09.04.2024";"01.01.2050";"00000080631750";"3139550001";"1,0 GRAPPA TRADIZION 41% NONINO";"";"Flasche";"";"1 x 1 Flasche";"Flasche";"";" ";"KLARER";"GRAPPEN";"Nonnino";"";"0";"0";"4046279000002";"372110";"1";"EUR";" ";"26.447";"26.447";"1";"2";"0";"0";"0";"0";"0";"0";"0";"0";"0";"0";"0";"0";"0";"0";"0";"0";"0";"0";"0";"0";"0";"0";"0";"0";"0";"0";"0";"0";"0";"1";"0";"0";"0";"0";"0";"0";"0";"0";"0";"0";"0";"0";"0";"0";"0";"0";"0";"0";"0";"0";"0";"0";"0";"0";"0";"0";"0";"0";"0";"0";"0";"";"";"";"";"";"";"";"Enthält: keine deklarationspflichtigen Stoffe";"";"";"3"
"46501";"Handelshof";"13077062";"KL";"Kundenlistung";"09.04.2024";"01.01.2050";"05099873090442";"3189790001";"1,0 JACK DANIELS WHISKEY 40%";"";"Flasche";"";"1 x 1 Flasche";"Flasche";"";" ";"WHISKY / RUM";"BOURBON WHISKY";"Jack Daniel";"";"0";"0";"4051433000002";"2454732";"1";"EUR";" ";"24.369";"24.369";"1";"2";"0";"0";"0";"0";"0";"0";"0";"0";"0";"0";"0";"0";"0";"0";"0";"0";"0";"0";"0";"0";"0";"0";"0";"0";"0";"0";"0";"0";"0";"0";"0";"0";"0";"0";"0";"0";"0";"0";"0";"0";"0";"0";"0";"0";"0";"0";"0";"0";"0";"0";"0";"0";"0";"0";"0";"0";"0";"0";"0";"0";"0";"";"";"";"";"";"";"";"";"";"";"3"
"46501";"Handelshof";"13077062";"KL";"Kundenlistung";"09.04.2024";"01.01.2050";"04011647001004";"3140010001";"1,0 KORNBRAND GEU TING 32%";"";"Flasche";"";"1 x 1 Flasche";"Flasche";"";" ";"KLARER";"KORN";"GUTSBRENNEREI JOH.B.";"";"0";"0";"4011647000007";"1000";"1";"EUR";" ";"8.363";"8.363";"1";"2";"0";"0";"0";"0";"0";"0";"0";"0";"0";"0";"0";"0";"0";"0";"0";"0";"0";"0";"0";"0";"0";"0";"0";"0";"0";"0";"0";"0";"0";"0";"0";"0";"0";"0";"0";"0";"0";"0";"0";"0";"0";"0";"0";"0";"0";"0";"0";"0";"0";"0";"0";"0";"0";"0";"0";"0";"0";"0";"0";"0";"0";"";"";"";"";"";"";"";"";"";"";"3"
"46501";"Handelshof";"13077062";"KL";"Kundenlistung";"09.04.2024";"01.01.2050";"07048351680116";"3138140001";"1,0 LINIE AQUAVIT 41,5%";"";"Flasche";"";"1 x 1 Flasche";"Flasche";"";" ";"KLARER";"AQUAVIT";"Linie";"";"0";"0";"4002859000008";"655192";"1";"EUR";" ";"22.249";"22.249";"1";"2";"0";"0";"0";"0";"0";"0";"0";"0";"0";"0";"0";"0";"0";"0";"0";"0";"0";"0";"0";"0";"0";"0";"0";"0";"0";"0";"0";"0";"0";"0";"0";"0";"0";"0";"0";"0";"0";"0";"0";"0";"0";"0";"0";"0";"0";"0";"0";"0";"0";"0";"0";"0";"0";"0";"0";"0";"0";"0";"0";"0";"0";"";"";"";"";"";"";"";"";"";"";"3"
"46501";"Handelshof";"13077062";"KL";"Kundenlistung";"09.04.2024";"01.01.2050";"04100060018543";"3205740001";"1,0 MULTIVITAMIN 12 FRUCHT NEKTAR";"";"Tetrapack";"";"1 x 1 Tetrapack";"Tetrapack";"";" ";"ALKOHOLFREIE GETRAENKE";"NEKTARE";"Wesergold";"";"0";"0";"4100060000005";"32821";"1";"EUR";" ";"0.99";"0.99";"1";"2";"0";"0";"0";"0";"0";"0";"0";"0";"0";"0";"0";"0";"0";"0";"0";"0";"0";"0";"0";"0";"0";"0";"0";"0";"0";"0";"0";"0";"0";"0";"0";"0";"0";"0";"0";"0";"0";"0";"0";"0";"0";"0";"0";"0";"0";"0";"0";"0";"0";"0";"0";"0";"0";"0";"0";"0";"0";"0";"0";"0";"0";"47";"0";"0";"11";"11";"";"0";"Zutaten: 12-Fruchtsaft aus Fruchtsaftkonzentraten (Orange, Apfel, Ananas, Zitrone, Traube, Passionsfrucht, Birne) und Fruchtmark (Nektarine, Banane, Mango, Guave, Papaya), Wasser, Zucker, Glukose-Fruktose-Sirup, Vitamin C, Niacin, Vitamin E, Pantothensäure, Beta-Carotin (Provitamin A), Vitamin B6, Vitamin B1 (Thiamin), Biotin, Vitamin B12";"";"";"3"
"46501";"Handelshof";"13077062";"KL";"Kundenlistung";"09.04.2024";"01.01.2050";"04100060018482";"3205770001";"1,0 ORANGENSAFT";"";"Tetrapack";"";"1 x 1 Tetrapack";"Tetrapack";"";" ";"ALKOHOLFREIE GETRAENKE";"SAEFTE";"Wesergold";"";"0";"0";"4100060000005";"32803";"1";"EUR";" ";"1.791";"1.791";"1";"2";"0";"0";"0";"0";"0";"0";"0";"0";"0";"0";"0";"0";"0";"0";"0";"0";"0";"0";"0";"0";"0";"0";"0";"0";"0";"0";"0";"0";"0";"0";"0";"0";"0";"0";"0";"0";"0";"0";"0";"0";"0";"0";"0";"0";"0";"0";"0";"0";"0";"0";"0";"0";"0";"0";"0";"0";"0";"0";"0";"0";"0";"43";"0.7";"0";"9";"9";"";"0";"Zutaten: Orangensaft aus Orangensaftkonzentrat";"";"";"3"
"46501";"Handelshof";"13077062";"KL";"Kundenlistung";"09.04.2024";"01.01.2050";"08006550302016";"3207310001";"1,0 RAMAZZOTTI 30%";"";"Flasche";"";"1 x 1 Flasche";"Flasche";"";" ";"MAGENBITTER";"AMARO";"RAMAZZOTTI";"";"0";"0";"4005971000000";"70509800";"1";"EUR";" ";"16.949";"16.949";"1";"2";"0";"0";"0";"0";"0";"0";"0";"0";"0";"0";"0";"0";"0";"0";"0";"0";"0";"0";"0";"0";"0";"0";"0";"0";"0";"0";"0";"0";"0";"0";"0";"0";"0";"0";"0";"0";"0";"0";"0";"0";"0";"0";"0";"0";"0";"0";"0";"0";"0";"0";"0";"0";"0";"0";"0";"0";"0";"0";"0";"0";"0";"";"";"";"";"";"";"";"";"";"";"3"
"46501";"Handelshof";"13077062";"KL";"Kundenlistung";"09.04.2024";"01.01.2050";"04100060036110";"3396360001";"1,0 WESERGOLD MARACUJA GETRAENK";"";"Tetrapack";"";"1 x 1 Tetrapack";"Tetrapack";"";" ";"ALKOHOLFREIE GETRAENKE";"NEKTARE";"RIHA WESERGOLD GETRA";"";"0";"0";"4100060000005";"32836";"1";"EUR";" ";"1.261";"1.261";"1";"2";"0";"0";"0";"0";"0";"0";"0";"0";"0";"0";"0";"0";"0";"0";"0";"0";"0";"0";"0";"0";"0";"0";"0";"0";"0";"0";"0";"0";"0";"0";"0";"0";"0";"0";"0";"0";"0";"0";"0";"0";"0";"0";"0";"0";"0";"0";"0";"0";"0";"0";"0";"0";"0";"0";"0";"0";"0";"0";"0";"0";"0";"57";"0";"0";"13";"13";"";"0";"Zutaten: Wasser, Maracujasaft aus Maracujasaftkonzentrat, Zucker, Säuerungsmittel: Citronensäure, Stabilisator: Pektine, Antioxidationsmittel: Ascorbinsäure";"DEUTSCHLAND, BUNDESREPUBLIK";"";"3"
"46501";"Handelshof";"13077062";"KL";"Kundenlistung";"09.04.2024";"01.01.2050";"04260194951427";"2162320001";"10ER GOURM.VANILLE- SCHOTEN GLAS     EFK";"";"Glas";"";"1 x 1 Glas";"Glas";"";" ";"GEWUERZE";"GV-PACKUNGEN";"EFK WARENHANDEL";"";"0";"0";"4260194950000";"95142";"1";"EUR";" ";"28.079";"28.079";"1";"1";"0";"0";"0";"0";"0";"0";"0";"0";"0";"0";"0";"0";"0";"0";"0";"0";"0";"0";"0";"0";"0";"0";"0";"0";"0";"0";"0";"0";"0";"0";"0";"0";"0";"0";"0";"0";"0";"0";"0";"0";"0";"0";"0";"0";"0";"0";"0";"0";"0";"0";"0";"0";"0";"0";"0";"0";"0";"0";"0";"0";"0";"";"";"";"";"";"";"";"";"";"";"3"
"46501";"Handelshof";"13077062";"KL";"Kundenlistung";"09.04.2024";"01.01.2050";"08710407000863";"1051020001";"10ER MATJESDOPPELFIL 60-70G GEF. NORDSEE";"";"Packung";"";"1 x 1 Packung";"Packung";"";" ";"TK GV FISCH";"MATJES";"OUWEHAND VISVERWERKI";"";"0";"0";"8713596000003";"";"1";"EUR";" ";"10.589";"10.589";"1";"1";"0";"0";"0";"0";"0";"0";"0";"0";"0";"0";"0";"0";"0";"0";"0";"0";"0";"0";"0";"0";"0";"0";"0";"0";"0";"0";"0";"0";"0";"0";"0";"0";"0";"0";"0";"0";"0";"0";"0";"0";"0";"0";"0";"0";"0";"0";"0";"0";"0";"0";"0";"0";"0";"0";"0";"0";"0";"0";"0";"0";"0";"";"";"";"";"";"";"";"";"";"";"3"
"46501";"Handelshof";"13077062";"KL";"Kundenlistung";"09.04.2024";"01.01.2050";"04311596609055";"1201950001";"10KG PFLANZENFETT UNGEHAERTET   EFS CL";"";"Karton";"";"1 x 1 Karton";"Karton";"";" ";"FETTE / OELE / MARGARINE";"KOCH- U. BACKFETTE GV";"VANDEMOORTELE EUROPE";"";"0";"0";"4009642000009";"415458";"1";"EUR";" ";"20.977";"20.977";"1";"1";"0";"0";"0";"0";"0";"0";"0";"0";"0";"0";"0";"0";"0";"0";"0";"0";"0";"0";"0";"0";"0";"0";"0";"0";"0";"0";"0";"0";"0";"0";"0";"0";"0";"0";"0";"0";"0";"0";"0";"0";"0";"0";"0";"0";"0";"0";"0";"0";"0";"0";"0";"0";"0";"0";"0";"0";"0";"0";"0";"0";"0";"";"";"";"";"";"";"";"";"";"";"3"
"46501";"Handelshof";"13077062";"KL";"Kundenlistung";"09.04.2024";"01.01.2050";"04008934280419";"1331970001";"1,0L AC.BALSAMICO BIANCO           MAZ";"";"Flasche";"";"1 x 1 Flasche";"Flasche";"";" ";"ESSIG / ZITRONENSAFT";"BALSAMICO";"MAZZETTI";"";"0";"0";"4008934000000";"280411";"1";"EUR";" ";"7.409";"7.409";"1";"1";"0";"0";"0";"0";"0";"0";"0";"0";"0";"0";"0";"1";"0";"0";"0";"0";"0";"0";"0";"0";"0";"0";"0";"0";"0";"0";"0";"0";"0";"0";"0";"0";"0";"0";"0";"0";"0";"0";"0";"0";"0";"0";"0";"0";"0";"0";"0";"0";"0";"0";"0";"0";"0";"0";"0";"0";"0";"0";"0";"0";"0";"110";"0.2";"0";"28.6";"21.7";"";"0.01";"Zutaten: Weissweinessig, konzentreirter weisser Traubenmost, Antioxidationsmittel; SCHWEFELDIOXID. Enthält Sulfit.";"";"";"3"
"46501";"Handelshof";"13077062";"KL";"Kundenlistung";"09.04.2024";"01.01.2050";"04039500001978";"1142260001";"10L FRITTIER FIT HALBFL.BAG IN BOX WF";"";"Karton";"";"1 x 1 Karton";"Karton";"";" ";"FETTE / OELE / MARGARINE";"HALBFLUESSIGE FETTE";"Lindemann";"";"0";"0";"4026400000002";"5036791";"1";"EUR";" ";"26.99";"26.99";"1";"1";"0";"0";"0";"0";"0";"0";"0";"0";"0";"0";"0";"0";"0";"0";"0";"0";"0";"0";"0";"0";"0";"0";"0";"0";"0";"0";"0";"0";"0";"0";"0";"0";"0";"0";"0";"0";"0";"0";"0";"0";"0";"0";"0";"0";"0";"0";"0";"0";"0";"0";"0";"0";"0";"0";"0";"0";"0";"0";"0";"0";"0";"828";"0";"92";"0";"0";"";"0";"Zutaten: Pflanzliches Öl (Raps), pflanzliche Fette (Palme), Schaumverhüter E900";"";"";"3"
"46501";"Handelshof";"13077062";"KL";"Kundenlistung";"09.04.2024";"01.01.2050";"04073400555322";"1355320001";"1,0L HIMBEERESSIG CUL";"";"Flasche";"";"1 x 1 Flasche";"Flasche";"";" ";"ESSIG / ZITRONENSAFT";"ESSIG SPEZIALITAETEN";"Culinaria";"";"0";"0";"4073400000006";"55532";"1";"EUR";" ";"8.999";"8.999";"1";"1";"0";"0";"0";"0";"0";"0";"0";"0";"0";"0";"0";"1";"0";"0";"0";"0";"0";"0";"0";"0";"0";"0";"0";"0";"0";"0";"0";"0";"0";"0";"0";"0";"0";"0";"0";"0";"0";"0";"0";"0";"0";"0";"0";"0";"0";"0";"0";"0";"0";"0";"0";"0";"0";"0";"0";"0";"0";"0";"0";"0";"0";"59.4";"0.3";"0.09";"5";"4.5";"";"8";"Zutaten: Himbeerwein, Himbeersaftkonzentrat, Wasser, kann schweflige Säure enthalten.";"";"";"3"
"46501";"Handelshof";"13077062";"KL";"Kundenlistung";"09.04.2024";"01.01.2050";"04045500011176";"1030730001";"1,0L H-MILCH 1,5% FRI";"";"Packung";"";"1 x 1 Packung";"Packung";"";" ";"KONDENSMILCH / H - MILCH";"HALTBARE MILCH";"FRISCHLI-MILCHWERKE";"";"0";"0";"4045500000002";"1117";"1";"EUR";" ";"1.018";"1.018";"1";"1";"0";"0";"0";"0";"0";"0";"1";"0";"0";"0";"0";"0";"0";"0";"0";"0";"0";"0";"0";"0";"0";"0";"0";"0";"0";"0";"0";"0";"0";"0";"0";"0";"0";"0";"0";"0";"0";"0";"0";"0";"0";"0";"0";"0";"0";"0";"0";"0";"0";"0";"0";"0";"0";"0";"0";"0";"0";"0";"0";"0";"0";"46";"3.4";"1.5";"4.8";"4.8";"";"0.13";"Zutaten: FETTARME MILCH 1,5% FETT";"DEUTSCHLAND, BUNDESREPUBLIK";"";"3"
"46501";"Handelshof";"13077062";"KL";"Kundenlistung";"09.04.2024";"01.01.2050";"04045500011169";"1030710001";"1,0L H-MILCH 3,5% FRI";"";"Packung";"";"1 x 1 Packung";"Packung";"";" ";"KONDENSMILCH / H - MILCH";"HALTBARE MILCH";"FRISCHLI-MILCHWERKE";"";"0";"0";"4045500000002";"1116";"1";"EUR";" ";"1.071";"1.071";"1";"1";"0";"0";"0";"0";"0";"0";"0";"0";"1";"1";"0";"0";"0";"0";"0";"0";"0";"0";"0";"0";"0";"0";"0";"0";"0";"0";"0";"0";"0";"0";"0";"0";"1";"1";"0";"0";"0";"1";"0";"0";"0";"0";"0";"1";"0";"0";"0";"0";"0";"0";"0";"0";"0";"0";"0";"0";"0";"0";"0";"0";"0";"306";"22";"24";"0.5";"0.5";"";"2.9";"Zutaten: 100g werden hergestellt aus 128g Schweine- und Rindfleisch, Speck, Nitritpökelsalz (Speisesalz, Konservierungsstoff: Natriumnitrit), Gewürze (enthält SENF), Gewürzextrakte (enthält SELLERIE), Dextrose, Antioxidationsmittel: Ascorbinsäure, Natriumascorbat; Geschmacksverstärker: Mononatriumglutamat; Stabilisator: Triphosphate; Rauch.";"";"";"3"
"46501";"Handelshof";"13077062";"KL";"Kundenlistung";"09.04.2024";"01.01.2050";"04311596607419";"1360820001";"10L KRAEUTERESSIG 5%            EFS CL";"";"Kanister";"";"1 x 1 Kanister";"Kanister";"";" ";"ESSIG / ZITRONENSAFT";"ESSIG GV";"BURKHARDT FEINKOSTWE";"";"0";"0";"4100470000008";"11751";"1";"EUR";" ";"6.879";"6.879";"1";"1";"0";"0";"0";"0";"0";"0";"0";"0";"0";"0";"0";"0";"0";"0";"0";"0";"0";"0";"0";"0";"0";"0";"0";"0";"0";"0";"0";"0";"0";"0";"0";"0";"0";"0";"0";"0";"0";"0";"0";"1";"0";"0";"0";"0";"0";"0";"0";"0";"0";"0";"0";"0";"0";"0";"0";"0";"0";"0";"0";"0";"0";"66";"1.1";"0.3";"13";"8.8";"";"3.6";"Zutatenliste: Tomatenmark (75 %), Branntweinessig, modifizierte Stärke, Glukose-Fruktose-Sirup, Salz, Zucker, Säuerungsmittel: Citronensäure, Gewürze, Süßunsmittel: Saccharin, natürliches Aroma.";"";"";"3"
"46501";"Handelshof";"13077062";"KL";"Kundenlistung";"09.04.2024";"01.01.2050";"08007150000111";"1160790001";"1,0L OLITALIA OLIVENOEL NATIV EX.";"";"Flasche";"";"1 x 1 Flasche";"Flasche";"";" ";"FETTE / OELE / MARGARINE";"OLIVEN-OELE";"Olitalia";"";"0";"0";"8007150000005";"9441";"1";"EUR";" ";"12.709";"12.709";"1";"1";"0";"0";"0";"0";"0";"0";"0";"0";"0";"0";"0";"0";"0";"0";"0";"0";"0";"0";"0";"0";"0";"0";"0";"0";"0";"0";"0";"0";"0";"1";"0";"0";"0";"0";"0";"0";"0";"0";"0";"0";"0";"0";"0";"0";"0";"0";"0";"0";"0";"0";"0";"0";"0";"0";"0";"0";"0";"0";"0";"0";"0";"819";"0";"91";"0";"0";"";"0";"Zutaten: Natives Olivenöl extra.";"";"";"3"
"46501";"Handelshof";"13077062";"KL";"Kundenlistung";"09.04.2024";"01.01.2050";"04015200034270";"3436660001";"10L PRIL GESCHIRR- SPUELMITTEL PROF.";"";"Kanister";"";"1 x 1 Kanister";"Kanister";"";" ";"SPUELMITTEL";"HAND-SPUELMITTEL GV";"HENKEL WASCH - UND";"";"0";"0";"4017444000004";"P10FP";"1";"EUR";" ";"20.659";"20.659";"1";"2";"0";"0";"0";"0";"0";"0";"0";"0";"0";"0";"0";"0";"0";"0";"0";"0";"0";"0";"0";"0";"0";"0";"0";"0";"0";"0";"0";"0";"0";"0";"0";"0";"0";"0";"0";"0";"0";"0";"0";"0";"0";"0";"0";"0";"0";"0";"0";"0";"0";"0";"0";"0";"0";"0";"0";"0";"0";"0";"0";"0";"0";"";"";"";"";"";"";"";"";"";"";"3"
"46501";"Handelshof";"13077062";"KL";"Kundenlistung";"09.04.2024";"01.01.2050";"04311596651191";"1177060001";"10L RAPSOEL EFS CL";"";"Flasche";"";"1 x 1 Flasche";"Flasche";"";" ";"FETTE / OELE / MARGARINE";"OELE GV";"SELS OEL+FETT GMBH &";"";"0";"0";"4005623000006";"115020";"1";"EUR";" ";"15.677";"15.677";"1";"1";"0";"0";"0";"0";"0";"0";"0";"0";"0";"0";"0";"0";"0";"0";"0";"0";"0";"0";"0";"0";"0";"0";"0";"0";"0";"0";"0";"0";"0";"0";"0";"0";"0";"0";"0";"0";"0";"0";"0";"0";"0";"0";"0";"0";"0";"0";"0";"0";"0";"0";"0";"0";"0";"0";"0";"0";"0";"0";"0";"0";"0";"";"";"";"";"";"";"";"";"";"";"3"
"46501";"Handelshof";"13077062";"KL";"Kundenlistung";"09.04.2024";"01.01.2050";"04062400156806";"3141040001";"1,0L SIERRA TEQUILA BLANCO 38%";"";"Flasche";"";"1 x 1 Flasche";"Flasche";"";" ";"KLARER";"TEQUILA";"BORCO-MARKEN-IMPORT";"";"0";"0";"4062400000000";"54214";"1";"EUR";" ";"16.843";"16.843";"1";"2";"0";"0";"0";"0";"0";"0";"0";"0";"0";"0";"0";"0";"0";"0";"0";"0";"0";"0";"0";"0";"0";"0";"0";"0";"0";"0";"0";"0";"0";"0";"0";"0";"0";"0";"0";"0";"0";"0";"0";"0";"0";"0";"0";"0";"0";"0";"0";"0";"0";"0";"0";"0";"0";"0";"0";"0";"0";"0";"0";"0";"0";"";"";"";"";"";"";"";"";"";"";"3"
"46501";"Handelshof";"13077062";"KL";"Kundenlistung";"09.04.2024";"01.01.2050";"04250478435651";"3480770001";"100 HANDSCHUHE LATEX PUDERFR. NATUR GR.M";"";"Packung";"";"1 x 1 Packung";"Packung";"";" ";"PAPIERWAREN";"EINWEGHANDSCHUHE";"PAP STAR GMBH";"";"0";"0";"4002911000007";"93417";"1";"EUR";" ";"6.349";"6.349";"1";"2";"0";"0";"0";"0";"0";"0";"0";"0";"0";"0";"0";"0";"0";"0";"0";"0";"0";"0";"0";"0";"0";"0";"0";"0";"0";"0";"0";"0";"0";"0";"0";"0";"0";"0";"0";"0";"0";"0";"0";"0";"0";"0";"0";"0";"0";"0";"0";"0";"0";"0";"0";"0";"0";"0";"0";"0";"0";"0";"0";"0";"0";"";"";"";"";"";"";"";"";"";"";"3"
"46501";"Handelshof";"13077062";"KL";"Kundenlistung";"09.04.2024";"01.01.2050";"04250478435699";"3480970001";"100 HANDSCHUHE LATEX PUDERFR. NATUR GR.XL";"";"Packung";"";"1 x 1 Packung";"Packung";"";" ";"PAPIERWAREN";"EINWEGHANDSCHUHE";"PAP STAR GMBH";"";"0";"0";"4002911000007";"93419";"1";"EUR";" ";"6.349";"6.349";"1";"2";"0";"0";"0";"0";"0";"0";"0";"0";"0";"0";"0";"0";"0";"0";"0";"0";"0";"0";"0";"0";"0";"0";"0";"0";"0";"0";"0";"0";"0";"0";"0";"0";"0";"0";"0";"0";"0";"0";"0";"0";"0";"0";"0";"0";"0";"0";"0";"0";"0";"0";"0";"0";"0";"0";"0";"0";"0";"0";"0";"0";"0";"";"";"";"";"";"";"";"";"";"";"3"
"46501";"Handelshof";"13077062";"KL";"Kundenlistung";"09.04.2024";"01.01.2050";"04009078535007";"8854990001";"100 HH TEELICHTE 8H FLATPACK";"";"Stück";"";"1 x 1 Stück";"Stück";"";" ";"KERZEN UND SERVIETTEN";"KERZEN";"MÜLLER KERZENFABRIK";"";"0";"0";"4009078000000";"948.001.26.00";"1";"EUR";" ";"13.769";"13.769";"1";"2";"0";"0";"0";"0";"0";"0";"0";"0";"0";"0";"0";"0";"0";"0";"0";"0";"0";"0";"0";"0";"0";"0";"0";"0";"0";"0";"0";"0";"0";"0";"0";"0";"0";"0";"0";"0";"0";"0";"0";"0";"0";"0";"0";"0";"0";"0";"0";"0";"0";"0";"0";"0";"0";"0";"0";"0";"0";"0";"0";"0";"0";"";"";"";"";"";"";"";"";"";"";"3"
"46501";"Handelshof";"13077062";"KL";"Kundenlistung";"09.04.2024";"01.01.2050";"07321014500571";"6349110001";"100 SACCHETTO 190X85 BORDEAUX/SERV.CREAM";"";"Stück";"";"1 x 1 Stück";"Stück";"";" ";"KERZEN UND SERVIETTEN";"SERVIETTEN";"DUNI GMBH";"";"0";"0";"4002215000000";"450057";"1";"EUR";" ";"21.189";"21.189";"1";"2";"0";"0";"0";"0";"0";"0";"0";"0";"0";"0";"0";"0";"0";"0";"0";"0";"0";"0";"0";"0";"0";"0";"0";"0";"0";"0";"0";"0";"0";"0";"0";"0";"0";"0";"0";"0";"0";"0";"0";"0";"0";"0";"0";"0";"0";"0";"0";"0";"0";"0";"0";"0";"0";"0";"0";"0";"0";"0";"0";"0";"0";"";"";"";"";"";"";"";"";"";"";"3"
"46501";"Handelshof";"13077062";"KL";"Kundenlistung";"09.04.2024";"01.01.2050";"04004158133753";"3543040001";"100 SPITZENPAPIERE 30CM ROSE WEISS";"";"Packung";"";"1 x 1 Packung";"Packung";"";" ";"PAPIERWAREN";"TORTENSPITZEN/PAPIERWAREN";"DEMMLER GMBH";"";"0";"0";"4004158000000";"3021101001";"1";"EUR";" ";"2.427";"2.427";"1";"2";"0";"0";"0";"0";"0";"0";"0";"0";"0";"0";"0";"0";"0";"0";"0";"0";"0";"0";"0";"0";"0";"0";"0";"0";"0";"0";"0";"0";"0";"0";"0";"0";"0";"0";"0";"0";"0";"0";"0";"0";"0";"0";"0";"0";"0";"0";"0";"0";"0";"0";"0";"0";"0";"0";"0";"0";"0";"0";"0";"0";"0";"";"";"";"";"";"";"";"";"";"";"3"
"46501";"Handelshof";"13077062";"KL";"Kundenlistung";"09.04.2024";"01.01.2050";"07321011403967";"6528540001";"100 TEELICHTE 4STD. FINESS";"";"Stück";"";"1 x 1 Stück";"Stück";"";" ";"KERZEN UND SERVIETTEN";"KERZEN";"DUNI GMBH";"";"0";"0";"4002215000000";"140396";"1";"EUR";" ";"7.939";"7.939";"1";"2";"0";"0";"0";"0";"0";"0";"0";"0";"0";"0";"0";"0";"0";"0";"0";"0";"0";"0";"0";"0";"0";"0";"0";"0";"0";"0";"0";"0";"0";"0";"0";"0";"0";"0";"0";"0";"0";"0";"0";"0";"0";"0";"0";"0";"0";"0";"0";"0";"0";"0";"0";"0";"0";"0";"0";"0";"0";"0";"0";"0";"0";"";"";"";"";"";"";"";"";"";"";"3"
"46501";"Handelshof";"13077062";"KL";"Kundenlistung";"09.04.2024";"01.01.2050";"04000521005450";"1892000001";"100G KAKAO ZUM BACKEN            OE";"";"Packung";"";"1 x 1 Packung";"Packung";"";" ";"PUDDING/SAUCEN/BACKZUTATEN";"BACKZUTATEN";"Dr.Oetker";"";"0";"0";"4000521000004";"101120000";"1";"EUR";" ";"2.268";"2.268";"1";"1";"0";"0";"0";"0";"0";"0";"0";"0";"0";"0";"0";"0";"0";"0";"0";"0";"0";"0";"0";"0";"0";"0";"0";"0";"0";"0";"0";"0";"0";"0";"0";"0";"0";"0";"0";"0";"0";"0";"0";"0";"0";"0";"0";"0";"0";"0";"0";"0";"0";"0";"0";"0";"0";"0";"0";"0";"0";"0";"0";"0";"0";"375";"20";"21";"9.9";"0.8";"";"0.08";"Zutaten: Kakaopulver, Säureregulator (Kaliumcarbonate).";"";"";"3"
"46501";"Handelshof";"13077062";"KL";"Kundenlistung";"09.04.2024";"01.01.2050";"04012200032947";"2155190001";"100G ROESTZWIEBELN KUE";"";"Becher";"";"1 x 1 Becher";"Becher";"";" ";"GEWUERZE";"ROESTZWIEBELN";"Kühne";"";"0";"0";"4012200000007";"32940";"1";"EUR";" ";"1.473";"1.473";"1";"1";"1";"0";"0";"0";"0";"0";"0";"0";"0";"0";"0";"0";"0";"0";"0";"0";"0";"0";"0";"0";"0";"0";"0";"0";"0";"0";"0";"0";"0";"0";"0";"0";"0";"0";"0";"0";"0";"0";"0";"0";"0";"0";"0";"0";"0";"0";"0";"0";"0";"0";"0";"0";"0";"0";"0";"0";"0";"0";"0";"0";"0";"590";"6";"44";"42";"14";"";"1.5";"Zutaten: Zwiebeln 76 %, pflanzliches Palmöl*, WEIZENMEHL, Salz*certifiziert RSPO";"";"";"3"
"46501";"Handelshof";"13077062";"KL";"Kundenlistung";"09.04.2024";"01.01.2050";"04012200040041";"2252300001";"10,0L GEWUERZGURKEN 55/60            KUE";"";"Dose";"";"1 x 1 Dose";"Dose";"";" ";"SAUERKONSERVEN";"GURKEN GV";"Kühne";"";"0";"0";"4012200000007";"40040";"1";"EUR";" ";"20.129";"20.129";"1";"1";"0";"0";"0";"0";"0";"0";"0";"0";"0";"0";"0";"0";"0";"0";"0";"0";"0";"0";"0";"0";"0";"0";"0";"0";"0";"0";"0";"0";"0";"0";"0";"0";"0";"0";"0";"0";"0";"0";"0";"0";"0";"0";"0";"0";"0";"0";"0";"0";"0";"0";"0";"0";"0";"0";"0";"0";"0";"0";"0";"0";"0";"11";"0.6";"0.1";"1";"0.8";"";"1.5";"Zutaten: Gurken, Wasser, Branntweinessig, Salz, Konservierungsstoff Natriumbenzoat, natürliches Aroma, Süßstoff Saccharin";"";"";"3"
"46501";"Handelshof";"13077062";"KL";"Kundenlistung";"09.04.2024";"01.01.2050";"04012200011157";"1455900001";"10,0L KRAEUTERESSIG 10%              KUE";"";"Kanister";"";"1 x 1 Kanister";"Kanister";"";" ";"ESSIG / ZITRONENSAFT";"ESSIG GV";"Kühne";"";"0";"0";"4012200000007";"11150";"1";"EUR";" ";"19.069";"19.069";"1";"1";"0";"0";"0";"0";"0";"0";"0";"0";"0";"0";"0";"0";"0";"0";"0";"0";"0";"0";"0";"0";"0";"0";"0";"0";"0";"0";"0";"0";"0";"0";"0";"0";"0";"0";"0";"0";"0";"0";"0";"0";"0";"0";"0";"0";"0";"0";"0";"0";"0";"0";"0";"0";"0";"0";"0";"0";"0";"0";"0";"0";"0";"35";"0.1";"0.1";"0.1";"0.1";"";"0";"Zutaten: Branntweinessig, Würze, natürliches Aroma, Hefeextrakt";"";"";"3"
"46501";"Handelshof";"13077062";"KL";"Kundenlistung";"09.04.2024";"01.01.2050";"04012200010051";"1360800001";"10,0L TAFELESSIG 5% KUE";"";"Kanister";"";"1 x 1 Kanister";"Kanister";"";" ";"ESSIG / ZITRONENSAFT";"ESSIG GV";"Kühne";"";"0";"0";"4012200000007";"10050";"1";"EUR";" ";"12.709";"12.709";"1";"1";"0";"0";"0";"0";"0";"0";"0";"0";"0";"0";"0";"1";"0";"0";"0";"0";"0";"0";"0";"0";"0";"0";"0";"0";"0";"0";"0";"0";"0";"0";"0";"0";"0";"0";"0";"0";"0";"0";"0";"0";"0";"0";"0";"0";"0";"0";"0";"0";"0";"0";"0";"0";"0";"0";"0";"0";"0";"0";"0";"0";"0";"20";"0.1";"0.1";"0.1";"0.1";"";"0";"Zutaten: Branntweinessig, Antioxidationsmittel KALIUMMETABISULFIT";"";"";"3"
"46501";"Handelshof";"13077062";"KL";"Kundenlistung";"09.04.2024";"01.01.2050";"04004019021618";"1450260001";"100ML RUM 38VOL% MAR";"";"Flasche";"";"1 x 1 Flasche";"Flasche";"";" ";"FEINK.-SPEZ./TROCK.FRUECHTE";"SPEZ.SPIRITUOSEN";"Marques Campoalto";"";"0";"0";"4004019000002";"2161";"1";"EUR";" ";"3.169";"3.169";"1";"2";"0";"0";"0";"0";"0";"0";"0";"0";"0";"0";"0";"1";"0";"0";"0";"0";"0";"0";"0";"0";"0";"0";"0";"0";"0";"0";"0";"0";"0";"0";"0";"0";"0";"0";"0";"0";"0";"0";"0";"0";"0";"0";"0";"0";"0";"0";"0";"0";"0";"0";"0";"0";"0";"0";"0";"0";"0";"0";"0";"0";"0";"";"";"";"";"";"";"";"";"";"";"3"
"46501";"Handelshof";"13077062";"KL";"Kundenlistung";"09.04.2024";"01.01.2050";"04045500575609";"1078100001";"100X15ML BIO HAFER KAFFEEWEISSER    FRI";"";"Karton";"";"1 x 1 Karton";"Karton";"";" ";"KONDENSMILCH / H - MILCH";"KAFFEEWEISSER";"FRISCHLI-MILCHWERKE";"";"0";"0";"4045500000002";"7560";"1";"EUR";" ";"4.79";"4.79";"1";"2";"0";"0";"0";"0";"0";"0";"0";"0";"0";"0";"0";"0";"0";"0";"0";"0";"0";"1";"0";"0";"0";"0";"0";"0";"0";"0";"0";"0";"0";"0";"0";"0";"0";"0";"0";"0";"0";"0";"0";"0";"0";"0";"0";"0";"0";"0";"0";"0";"0";"0";"0";"0";"0";"0";"0";"0";"0";"0";"0";"0";"0";"38";"0.3";"1.5";"5.9";"4.6";"";"0.1";"Zutaten: Wasser, 8% HAFER*, Rapsöl*, Verdickungsmittel Xanthan, Emulgator Lecethin*, Meersalz. Hinweis: Der * (Stern) kennzeichnet Zutaten aus zertifizierter biologischer Herstellung.";"DEUTSCHLAND, BUNDESREPUBLIK";"";"3"
"46501";"Handelshof";"13077062";"KL";"Kundenlistung";"09.04.2024";"01.01.2050";"05000157104885";"1310340001";"100X17ML TOMATO KETCHUP WUERFEL   HZ";"";"Box";"";"1 x 1 Box";"Box";"";" ";"SENF / KETCHUP / MAYONNAISE";"SENF/KETCHUP/MAYO PORTIONEN";"Heinz";"";"0";"0";"4026071000004";"76006939";"1";"EUR";" ";"10.589";"10.589";"1";"1";"0";"0";"0";"0";"0";"0";"0";"0";"1";"0";"0";"0";"0";"0";"0";"0";"0";"0";"0";"0";"0";"0";"0";"0";"0";"0";"0";"0";"0";"0";"0";"0";"0";"0";"0";"0";"0";"0";"0";"0";"0";"0";"0";"0";"0";"0";"0";"0";"0";"0";"0";"0";"0";"0";"0";"0";"0";"0";"0";"0";"0";"102";"1.2";"0.1";"23.2";"22.8";"";"1.8";"Zutaten: Tomaten (148 g pro 100 g Tomaten Ketchup), Branntweinessig*, Zucker, Salz, Gewürz- und Kräuterextrakte (enthält SELLERIE), Gewürz. *Österreich: Weingeistessig";"";"";"3"
"46501";"Handelshof";"13077062";"KL";"Kundenlistung";"09.04.2024";"01.01.2050";"04311596475780";"1221450001";"1000G BROCCOLI G&G";"";"Beutel";"";"1 x 1 Beutel";"Beutel";"";" ";"TK GEMUESE/OBST/KARTOFFELN";"GEMUESE";"EDEKA RHEIN-RUHR TIE";"";"0";"0";"4313705000005";"1438699008";"1";"EUR";" ";"2.173";"2.173";"1";"1";"0";"0";"0";"0";"0";"0";"0";"0";"0";"0";"0";"0";"0";"0";"0";"0";"0";"0";"0";"0";"0";"0";"0";"0";"0";"0";"0";"0";"0";"0";"0";"0";"0";"0";"0";"0";"0";"0";"0";"0";"0";"0";"0";"0";"0";"0";"0";"0";"0";"0";"0";"0";"0";"0";"0";"0";"0";"0";"0";"0";"0";"";"";"";"";"";"";"";"";"";"";"3"
"46501";"Handelshof";"13077062";"KL";"Kundenlistung";"09.04.2024";"01.01.2050";"04073400025023";"1322700001";"1000G FRZ.PREMIUM SENF KOERNIG     CUL";"";"Glas";"";"1 x 1 Glas";"Glas";"";" ";"SENF / KETCHUP / MAYONNAISE";"SENF SPEZIALITAETEN";"Culinaria";"";"0";"0";"4073400000006";"02502";"1";"EUR";" ";"7.409";"7.409";"1";"1";"0";"0";"0";"0";"0";"0";"0";"0";"0";"1";"0";"1";"0";"0";"0";"0";"0";"0";"0";"0";"0";"0";"0";"0";"0";"0";"0";"0";"0";"0";"0";"0";"0";"0";"0";"0";"0";"0";"0";"0";"0";"0";"0";"0";"0";"0";"0";"0";"0";"0";"0";"0";"0";"0";"0";"0";"0";"0";"0";"0";"0";"148";"6.9";"9.7";"2.6";"1.4";"";"5.7";"Zutaten: SENFKÖRNER, Branntweinessig, Wasser, Salz, (enthält SULFITE).";"";"";"3"
"46501";"Handelshof";"13077062";"KL";"Kundenlistung";"09.04.2024";"01.01.2050";"04027300003643";"1661210001";"1000G KONDENSMILCH 4%                TU";"";"Packung";"";"1 x 1 Packung";"Packung";"";" ";"KONDENSMILCH / H - MILCH";"KONDENSMILCH/KAFFEESAHNE GV";"TURM-Sahne";"";"0";"0";"4027300000000";"36500";"1";"EUR";" ";"2.321";"2.321";"1";"1";"0";"0";"0";"0";"0";"0";"0";"0";"0";"0";"0";"0";"0";"0";"0";"0";"0";"0";"0";"0";"0";"0";"0";"0";"0";"0";"0";"0";"0";"0";"0";"0";"0";"0";"0";"0";"0";"0";"0";"0";"0";"0";"0";"0";"0";"0";"0";"0";"0";"0";"0";"0";"0";"0";"0";"0";"0";"0";"0";"0";"0";"95";"5.5";"4";"9.2";"9.2";"";"0.3";"Zutaten: MILCH; Stabilisatoren: E407, E339";"";"";"3"
"46501";"Handelshof";"13077062";"KL";"Kundenlistung";"09.04.2024";"01.01.2050";"05425000966715";"1323680001";"1000G MEERSALZ FEIN";"";"Packung";"";"1 x 1 Packung";"Packung";"";" ";"GEWUERZE";"SALZSPEZIALITAETEN";"Zoutman";"";"0";"0";"4003185000007";"44031005";"1";"EUR";" ";"1.897";"1.897";"1";"1";"0";"0";"0";"0";"0";"0";"0";"0";"0";"0";"0";"0";"0";"0";"0";"0";"0";"0";"0";"0";"0";"0";"0";"0";"0";"0";"0";"0";"0";"0";"0";"0";"0";"0";"0";"0";"0";"0";"0";"0";"0";"0";"0";"0";"0";"0";"0";"0";"0";"0";"0";"0";"0";"0";"0";"0";"0";"0";"0";"0";"0";"";"";"";"";"";"";"";"Zutaten: 100 % feines Meersalz, Trennmittel: E 535.";"";"";"3"
"46501";"Handelshof";"13077062";"KL";"Kundenlistung";"09.04.2024";"01.01.2050";"05425000966708";"1323690001";"1000G MEERSALZ GROB";"";"Packung";"";"1 x 1 Packung";"Packung";"";" ";"GEWUERZE";"SALZSPEZIALITAETEN";"Zoutman";"";"0";"0";"4003185000007";"44031006";"1";"EUR";" ";"1.897";"1.897";"1";"1";"0";"0";"0";"0";"0";"0";"0";"0";"0";"0";"0";"0";"0";"0";"0";"0";"0";"0";"0";"0";"0";"0";"0";"0";"0";"0";"0";"0";"0";"0";"0";"0";"0";"0";"0";"0";"0";"0";"0";"0";"0";"0";"0";"0";"0";"0";"0";"0";"0";"0";"0";"0";"0";"0";"0";"0";"0";"0";"0";"0";"0";"";"";"";"";"";"";"";"Zutaten: grobes Meersalz Trennmittel: E353.";"";"";"3"
"46501";"Handelshof";"13077062";"KL";"Kundenlistung";"09.04.2024";"01.01.2050";"04001475112638";"1852070001";"1000G MEERSALZ GROBKOERNIG     AQUA";"";"Beutel";"";"1 x 1 Beutel";"Beutel";"";" ";"ZUCKER / SALZ";"SALZ";"Aquasale Meersalz";"";"0";"0";"4001475000003";"11232";"1";"EUR";" ";"2.003";"2.003";"1";"1";"0";"0";"0";"0";"0";"0";"0";"0";"0";"0";"0";"0";"0";"0";"0";"0";"0";"0";"0";"0";"0";"0";"0";"0";"0";"0";"0";"0";"0";"1";"0";"0";"0";"0";"0";"0";"0";"0";"0";"0";"0";"0";"0";"0";"0";"0";"0";"0";"0";"0";"0";"0";"0";"0";"0";"0";"0";"0";"0";"0";"0";"";"";"";"";"";"";"";"Zutaten: Meersalz.";"";"";"3"
"46501";"Handelshof";"13077062";"KL";"Kundenlistung";"09.04.2024";"01.01.2050";"04006934465300";"1161810001";"1000G MINI ROESTI- TALER";"";"Beutel";"";"1 x 1 Beutel";"Beutel";"";" ";"TK GEMUESE/OBST/KARTOFFELN";"KARTOFFEL-SPEZIALITAETEN GV";"Schne-frost";"";"0";"0";"4006934000006";"4653";"1";"EUR";" ";"3.911";"3.911";"1";"1";"0";"0";"0";"0";"0";"0";"0";"0";"0";"0";"0";"0";"0";"0";"0";"0";"0";"0";"0";"0";"0";"0";"0";"0";"0";"0";"0";"0";"0";"1";"0";"0";"0";"0";"0";"0";"0";"0";"0";"0";"0";"0";"0";"0";"0";"0";"0";"0";"0";"0";"0";"0";"0";"0";"0";"0";"0";"0";"0";"0";"0";"178";"2.4";"7.6";"24";"0.5";"";"1";"Zutaten: Kartoffeln, Rapsöl, Kartoffelstärke, jodiertes Speisesalz, Traubenzucker, Verdickungsmittel Methylcellulose, Gewürz, Gewürzextrakte, modifizierte Stärke, Maltodextrin.";"";"";"3"
"46501";"Handelshof";"13077062";"KL";"Kundenlistung";"09.04.2024";"01.01.2050";"08851613101392";"1304090001";"1000ML KOKOSNUSS- MILCH           AROY";"";"Packung";"";"1 x 1 Packung";"Packung";"";" ";"FEINK.-SPEZ./TROCK.FRUECHTE";"ASIEN";"AROY-D";"";"0";"0";"4316734000008";"9538";"1";"EUR";" ";"4.229";"4.229";"1";"1";"0";"0";"0";"0";"0";"0";"0";"0";"0";"0";"0";"0";"0";"0";"0";"0";"0";"0";"0";"0";"0";"0";"0";"0";"0";"0";"0";"0";"0";"0";"0";"0";"0";"0";"0";"0";"0";"0";"0";"0";"0";"0";"0";"0";"0";"0";"0";"0";"0";"0";"0";"0";"0";"0";"0";"0";"0";"0";"0";"0";"0";"185";"1.6";"19";"2";"2";"";"0.05";"Zutaten: Kokosnussextrakt (60%), Wasser";"";"";"3"
"46501";"Handelshof";"13077062";"KL";"Kundenlistung";"09.04.2024";"01.01.2050";"04020500943924";"1445700001";"1000ML ZUCKER COULEUR           AP";"";"Flasche";"";"1 x 1 Flasche";"Flasche";"";" ";"SENF / KETCHUP / MAYONNAISE";"WUERZSAUCEN";"Appel";"";"0";"0";"4067685000004";"";"1";"EUR";" ";"10.377";"10.377";"1";"1";"0";"0";"0";"0";"0";"0";"0";"0";"0";"0";"0";"0";"0";"0";"0";"0";"0";"0";"0";"0";"0";"0";"0";"0";"0";"0";"0";"0";"0";"0";"1";"0";"0";"0";"0";"0";"0";"0";"0";"0";"0";"0";"0";"0";"0";"0";"0";"0";"0";"0";"0";"0";"0";"0";"0";"0";"0";"0";"0";"0";"0";"";"";"";"";"";"";"";"";"";"";"3"
"46501";"Handelshof";"13077062";"KL";"Kundenlistung";"09.04.2024";"01.01.2050";"08007574009523";"1390260001";"1050G TIRAMISU CON SAVOIARDI";"";"Karton";"";"1 x 1 Karton";"Karton";"";" ";"TK FERTIGGER./FLEISCHGER.";"DESSERTS TK";"HAAK & CHRIST GMBH";"";"0";"0";"4260066160001";"5893";"1";"EUR";" ";"20.765";"20.765";"1";"1";"0";"0";"1";"0";"0";"0";"1";"0";"0";"0";"0";"0";"0";"0";"1";"0";"0";"0";"0";"0";"0";"0";"0";"0";"0";"0";"0";"0";"0";"0";"0";"0";"0";"0";"0";"0";"0";"0";"0";"0";"0";"0";"0";"0";"0";"0";"0";"0";"0";"0";"0";"0";"0";"0";"0";"0";"0";"0";"0";"0";"0";"266";"3.1";"14.6";"27.3";"18.6";"";"0.07";"Zutaten: Wasser, rehydrierter löslicher Kaffee (13%), Zucker, REHYDRIERTE MAGERMILCH, WEIZENMEHL, Glukose-Fruktose-Sirup, EIER (26% in den Löffelbiskuits), Pflanzenfett (Kokos, Palme), Pflanzenöle (Kokos), MASCARPONE (3,1%), (SAHNE, PASTEURISIERTE MILCH, Säureregulator Milchsäure), EIGELB, Alkohol, BUTTER, Stabilisator Sorbitsirup, Glukosesirup, PASTEURISIERTE MILCH, Dextrose, modifizierte Stärke, Weißwein, Kakao, LAKTOSE, Emulgatoren Mono- und Diglyceride von Speisefettsäuren, Lecithin (aus Sonnenblumen) und Mono- und Diacetylweinsäureester von Mono- und Diglyceriden von Speisefettsäuren, Verdickungsmittel amidiertes Pektin, Natriumalginat, Johannisbrotkernmehl und Xanthan, MILCHEIWEISS, fettarmes Kakaopulver, Aromen, Backtriebmittel Natriumhydrogencarbonat, Dinatriumdiphosphat und Ammoniumhydrogencarbonat, WEIZENSTÄRKE, Marsalawein, Salz, Maltodextrine. Kann Spuren von Schalenfrüchten und Soja enthalten.";"ITALIEN";"";"3"
"46501";"Handelshof";"13077062";"KL";"Kundenlistung";"09.04.2024";"01.01.2050";"08001364119287";"1634270001";"1062ML GETROCKNETE TOMATEN/SB-OEL  NOV";"";"Glas";"";"1 x 1 Glas";"Glas";"";" ";"FEINK.-SPEZ./TROCK.FRUECHTE";"SPEZ.GEMUESEKONSERVEN";"Novella";"";"0";"0";"4007882000001";"47272";"1";"EUR";" ";"7.939";"7.939";"1";"1";"0";"0";"0";"0";"0";"0";"0";"0";"0";"0";"0";"1";"0";"0";"0";"0";"0";"0";"0";"0";"0";"0";"0";"0";"0";"0";"0";"0";"0";"0";"0";"0";"1";"0";"0";"0";"0";"0";"0";"0";"0";"0";"0";"0";"0";"0";"0";"0";"0";"0";"0";"0";"0";"0";"0";"0";"0";"0";"0";"0";"0";"168";"3.8";"16.4";"1";"1";"";"2.2";"Zutaten: Halbgetrocknete Tomaten 68 %, Sonnenblumenöl, Wasser, WEINESSIG, Salz, Gewürze, Kräuter, Säuerungsmittel: Citronensäure E330, Antioxidationsmittel: Ascorbinsäure E300";"";"";"3"
"46501";"Handelshof";"13077062";"KL";"Kundenlistung";"09.04.2024";"01.01.2050";"04037168822881";"8822880001";"12KG GLANZWUNDER GESCH.&GLASREINIGER";"";"Stück";"";"1 x 1 Stück";"Stück";"";" ";"SPUELMITTEL";"MASCHINEN SPUELM. GV";"FLORE-CHEMIE GMBH";"";"0";"0";"4037162000001";"1036130012";"1";"EUR";" ";"68.889";"68.889";"1";"2";"0";"0";"0";"0";"0";"0";"0";"0";"0";"0";"0";"0";"0";"0";"0";"0";"0";"0";"0";"0";"0";"0";"0";"0";"0";"0";"0";"0";"0";"0";"0";"0";"0";"0";"0";"0";"0";"0";"0";"0";"0";"0";"0";"0";"0";"0";"0";"0";"0";"0";"0";"0";"0";"0";"0";"0";"0";"0";"0";"0";"0";"";"";"";"";"";"";"";"";"";"";"3"
"46501";"Handelshof";"13077062";"KL";"Kundenlistung";"09.04.2024";"01.01.2050";"05028905015320";"1333430001";"125ML TRUEFFELOEL M.WS.TRUEFFELAROMA";"";"Flasche";"";"1 x 1 Flasche";"Flasche";"";" ";"FETTE / OELE / MARGARINE";"OEL-SPEZIALITAETEN";"International Collec";"";"0";"0";"4008934000000";"119700380";"1";"EUR";" ";"4.229";"4.229";"1";"1";"0";"0";"0";"0";"0";"0";"0";"0";"0";"0";"0";"0";"0";"0";"0";"0";"0";"0";"0";"0";"0";"0";"0";"0";"0";"0";"0";"0";"0";"0";"0";"0";"0";"0";"0";"0";"0";"0";"0";"0";"0";"0";"0";"0";"0";"0";"0";"0";"0";"0";"0";"0";"0";"0";"0";"0";"0";"0";"0";"0";"0";"813";"0";"92";"0";"0";"";"0";"Zutaten: Olivenöl 99%, weiße Trüffelaroma";"";"";"3"
"46501";"Handelshof";"13077062";"KL";"Kundenlistung";"09.04.2024";"01.01.2050";"04260167203300";"1752040010";"130G FLAMMKUCHEN TEIGPLATTEN OVAL";"";"Gebinde";"";"1 x 10 Stück";"Stück";"";" ";"TK FERTIGGER./FLEISCHGER.";"PIZZEN/BAGUETTES";"Gusto Palatino GmbH";"";"0";"0";"4260167240008";"300";"10";"EUR";" ";"9.01";"0.901";"1";"1";"1";"0";"0";"0";"0";"0";"0";"0";"0";"0";"0";"0";"0";"0";"1";"0";"0";"0";"0";"0";"0";"0";"0";"0";"0";"0";"0";"0";"0";"0";"0";"0";"0";"0";"0";"0";"0";"0";"0";"0";"0";"0";"0";"0";"0";"0";"0";"0";"0";"1";"0";"0";"0";"0";"0";"0";"0";"0";"0";"0";"0";"268";"7";"3.23";"51.6";"1.5";"";"1.6";"Zutaten: WEIZENMEHL, Wasser, Rapsöl, Speisesalz";"";"";"3"
"46501";"Handelshof";"13077062";"KL";"Kundenlistung";"09.04.2024";"01.01.2050";"04006934456704";"1162080001";"1300G ROESTI PLUS CLASSIC";"";"Beutel";"";"1 x 1 Beutel";"Beutel";"";" ";"TK GEMUESE/OBST/KARTOFFELN";"KARTOFFEL-SPEZIALITAETEN GV";"SCHNE-FROST";"";"0";"0";"4006934000006";"4567";"1";"EUR";" ";"5.819";"5.819";"1";"1";"0";"0";"0";"0";"0";"0";"0";"0";"0";"0";"0";"0";"0";"0";"0";"0";"0";"0";"0";"0";"0";"0";"0";"0";"0";"0";"0";"0";"0";"1";"0";"0";"0";"0";"0";"0";"0";"0";"0";"0";"0";"0";"0";"0";"0";"0";"0";"0";"0";"0";"0";"0";"0";"0";"0";"0";"0";"0";"0";"0";"0";"193";"2.1";"9.8";"23";"0.5";"";"1.1";"Zutaten: Kartoffeln, Rapsöl, Zwiebeln, Kartoffelstärke, jodiertes Speisesalz, Reismehl, modifizerte Maisstärke, Traubenzucker, Verdickungsmittel Hydroxypropylmethylcellulose, Gewürze, Maltodextrin, Gewürzextrakt.";"";"";"3"
"46501";"Handelshof";"13077062";"KL";"Kundenlistung";"09.04.2024";"01.01.2050";"03272770015653";"1045040001";"140G BRESSO KRAEUTER 100% PFLANZLICH";"";"Becher";"";"1 x 1 Becher";"Becher";"";" ";"KAESE";"FRISCHKAESE SB";"EDELWEISS GMBH & CO.";"";"0";"0";"4045355000004";"20590801";"1";"EUR";" ";"2.215";"2.215";"1";"1";"0";"0";"0";"0";"0";"0";"0";"1";"0";"0";"0";"0";"0";"0";"0";"0";"0";"0";"0";"0";"0";"0";"0";"0";"0";"0";"0";"0";"0";"0";"0";"0";"0";"0";"0";"0";"0";"0";"0";"0";"0";"0";"0";"0";"0";"0";"0";"0";"0";"0";"0";"0";"0";"0";"0";"0";"0";"0";"0";"0";"0";"227";"4.6";"19";"7.4";"1.1";"";"1.1";"Zutaten: Wasser, 16% MANDELPÜREE, Rapsöl, Inulin, Kartoffelstärke, Kräuter der Provence, Kräuter, Knoblauch, Zitronensaftkonzentrat, Speisesalz, natürliche Aromen, Stickstoff zum Aufschlagen. Kann Spuren von Sellerie und weiteren Schalenfrüchten enthalten.";"FRANKREICH";"";"3"
"46501";"Handelshof";"13077062";"KL";"Kundenlistung";"09.04.2024";"01.01.2050";"04028161011761";"3737950001";"15KG TOPWASH POWER VOLLWASCHMITTEL 120W";"";"Sack";"";"1 x 1 Sack";"Sack";"";" ";"WASCHMITTEL";"WASCHMITTEL GV";"ECOLAB DEUTSCHLAND G";"";"0";"0";"4000516000002";"1101090";"1";"EUR";" ";"42.389";"42.389";"1";"2";"0";"0";"0";"0";"0";"0";"0";"0";"0";"0";"0";"0";"0";"0";"0";"0";"0";"0";"0";"0";"0";"0";"0";"0";"0";"0";"0";"0";"0";"0";"0";"0";"0";"0";"0";"0";"0";"0";"0";"0";"0";"0";"0";"0";"0";"0";"0";"0";"0";"0";"0";"0";"0";"0";"0";"0";"0";"0";"0";"0";"0";"";"";"";"";"";"";"";"";"";"";"3"
"46501";"Handelshof";"13077062";"KL";"Kundenlistung";"09.04.2024";"01.01.2050";"04316734081144";"1371990001";"150G MISO SUPPEN- PASTE DUNKEL     MIY";"";"Packung";"";"1 x 1 Packung";"Packung";"";" ";"FEINK.-SPEZ./TROCK.FRUECHTE";"ASIEN";"MIYAKO";"";"0";"0";"4316734000008";"8114";"1";"EUR";" ";"2.639";"2.639";"1";"1";"0";"0";"0";"0";"0";"1";"0";"0";"0";"0";"0";"0";"0";"0";"0";"0";"0";"0";"0";"0";"0";"0";"0";"0";"0";"0";"0";"0";"0";"0";"0";"0";"0";"0";"0";"0";"0";"0";"0";"0";"0";"0";"0";"0";"0";"0";"0";"0";"0";"0";"0";"0";"0";"0";"0";"0";"0";"0";"0";"0";"0";"184";"12";"5.3";"26";"19";"";"12.2";"Zutaten: Suppenwürzpaste auf Reisbasis 76% (SOJAbohnen 30%, Reis 24%, Salz, Wasser), Miso Suppenwürzpaste auf Sojabohnenbasis 19% (SOJAbohnen 51%, Salz, Wasser), Alkohol 2.50%, Gewürze.";"";"";"3"
"46501";"Handelshof";"13077062";"KL";"Kundenlistung";"09.04.2024";"01.01.2050";"04316734081151";"1372000001";"150G MISO SUPPEN- PASTE HELL       MIY";"";"Packung";"";"1 x 1 Packung";"Packung";"";" ";"FEINK.-SPEZ./TROCK.FRUECHTE";"ASIEN";"MIYAKO";"";"0";"0";"4316734000008";"8115";"1";"EUR";" ";"2.639";"2.639";"1";"1";"0";"0";"0";"0";"0";"1";"0";"0";"0";"0";"0";"0";"0";"0";"0";"0";"0";"0";"0";"0";"0";"0";"0";"0";"0";"0";"0";"0";"0";"0";"0";"0";"0";"0";"0";"0";"0";"0";"0";"0";"0";"0";"0";"0";"0";"0";"0";"0";"0";"0";"0";"0";"0";"0";"0";"0";"0";"0";"0";"0";"0";"203";"12";"5.8";"23";"0.5";"";"11.8";"Zutaten: Wasser, SOJAbohnen 30%, Reis, Salz, Alkohol 2.30%, Gewürze.";"";"";"3"
"46501";"Handelshof";"13077062";"KL";"Kundenlistung";"09.04.2024";"01.01.2050";"04024776001937";"1213040001";"1500G GRILL-PFANNEN- GEMUESE MEDITERRAN";"";"Beutel";"";"1 x 1 Beutel";"Beutel";"";" ";"TK FERTIGGER./FLEISCHGER.";"FERTIGGERICHTE";"FRoSTA Foodservice";"";"0";"0";"4024776000008";"F1582G";"1";"EUR";" ";"11.649";"11.649";"1";"1";"0";"0";"0";"0";"0";"0";"0";"0";"0";"0";"0";"0";"0";"0";"0";"0";"0";"0";"0";"0";"0";"0";"0";"0";"0";"0";"0";"0";"0";"0";"0";"0";"0";"0";"0";"0";"0";"0";"0";"0";"0";"0";"0";"0";"0";"0";"0";"0";"0";"0";"0";"0";"0";"0";"0";"0";"0";"0";"0";"0";"0";"92";"2";"5.8";"6.8";"5.3";"";"0.92";"Zutaten: Gemüse (gelber und roter Paprika/ Peperoni (CH), Zuckerschoten/ Kefen (CH), Zucchini/ Zucchetti (CH)) (91%), pflanzliche Öle (Sonnenblume, Raps), Palmfett, Knoblauch, Speisesalz, Wasser, Zucker, Gemüsepulver (Zwiebeln, Pastinaken, Karotten), Maltodextrin, Gewürze (Liebstöckel, Steinpilzpulver, Kurkuma, Pfeffer, Nelken, Lorbeer), Emulgatoren: Mono-und Diglyceride von Speisefettsäuren (E471), Lecithine (E322); Petersilie. Kann Spuren von Gluten, Krebstieren, Eiern, Fisch, Soja, Milch, Sellerie, Senf, Weichtieren enthalten.";"";"";"3"
"46501";"Handelshof";"13077062";"KL";"Kundenlistung";"09.04.2024";"01.01.2050";"04024776007311";"1566650001";"1500G SUESSKARTOFFEL PFANNENGEMUESE";"";"Beutel";"";"1 x 1 Beutel";"Beutel";"";" ";"TK FERTIGGER./FLEISCHGER.";"FERTIGGERICHTE";"FRoSTA Foodservice";"";"0";"0";"4024776000008";"F1586G";"1";"EUR";" ";"9.529";"9.529";"1";"2";"0";"0";"0";"0";"0";"0";"0";"0";"0";"1";"0";"0";"0";"0";"0";"0";"0";"0";"0";"0";"0";"0";"0";"0";"0";"0";"0";"0";"0";"1";"0";"0";"0";"0";"0";"0";"0";"0";"0";"0";"0";"0";"0";"0";"0";"0";"0";"0";"0";"0";"0";"0";"0";"0";"0";"0";"0";"0";"0";"0";"0";"103";"1.6";"4.3";"13.4";"5.6";"";"0.94";"Zutaten: Gemüse (Broccoli, Maiskölbchen, roter Paprika/ Peperoni (CH)) (43%), Süsskartoffeln frittiert (Süsskartoffeln, Sonnenblumenöl) (27%), Ananas (13%), Wasser, Kokosnussmilch (Kokosnussextrakt, Wasser) (5%), Speisesalz, Zucker, Gewürze (Cayennepfeffer, Koriander, Kreuzkümmel, SENFSAAT, Bockshornkleesamen, Curcuma, Fenchel) Kann Spuren von Gluten, Krebstieren, Eiern, Fisch, Soja, Milch, Sellerie, Weichtieren enthalten.";"";"";"3"
"46501";"Handelshof";"13077062";"KL";"Kundenlistung";"09.04.2024";"01.01.2050";"04000286003807";"1949390001";"1800G QUINOA MM";"";"Beutel";"";"1 x 1 Beutel";"Beutel";"";" ";"HUELSENFRUECHTE / REIS";"HUELSENFRUECHTE GV";"MUELLERS MUEHLE GMBH";"";"0";"0";"4000286000004";"823881";"1";"EUR";" ";"12.603";"12.603";"1";"1";"0";"0";"0";"0";"0";"0";"0";"0";"0";"0";"0";"0";"0";"0";"0";"0";"0";"0";"0";"0";"0";"0";"0";"0";"0";"0";"0";"0";"0";"0";"0";"0";"0";"0";"0";"0";"0";"0";"0";"0";"0";"0";"0";"0";"0";"0";"0";"0";"0";"0";"0";"0";"0";"0";"0";"0";"0";"0";"0";"0";"0";"366";"13";"6.9";"59";"5";"";"0.03";"";"DEUTSCHLAND, BUNDESREPUBLIK";"";"3"
"46501";"Handelshof";"13077062";"KL";"Kundenlistung";"09.04.2024";"01.01.2050";"04003735006695";"1717510001";"185G THUNFISCH OEL";"";"Dose";"";"1 x 1 Dose";"Dose";"";" ";"WURST-FLEISCH-FISCH KONS.";"THUNFISCH";"PAUL M.MUELLER GMBH";"";"0";"0";"4003735000006";"";"1";"EUR";" ";"1.473";"1.473";"1";"1";"0";"0";"0";"0";"0";"0";"0";"0";"0";"0";"0";"0";"0";"0";"0";"0";"0";"0";"0";"0";"0";"0";"0";"0";"0";"0";"0";"0";"0";"0";"0";"0";"0";"0";"0";"0";"0";"0";"0";"0";"0";"0";"0";"0";"0";"0";"0";"0";"0";"0";"0";"0";"0";"0";"0";"0";"0";"0";"0";"0";"0";"147";"30";"3";"0.5";"0.5";"";"1.5";"Zutaten: THUNFISCH, Sonnenblumenöl, Wasser, Salz.";"";"";"3"
"46501";"Handelshof";"13077062";"KL";"Kundenlistung";"09.04.2024";"01.01.2050";"04045357010605";"1209120001";"190G MILKANA FRISCHE SCHALE SAHNE";"";"Packung";"";"1 x 1 Packung";"Packung";"";" ";"KAESE";"SCHMELZKAESE";"EDELWEISS GMBH & CO.";"";"0";"0";"4045355000004";"5195369008";"1";"EUR";" ";"2.533";"2.533";"1";"1";"0";"0";"0";"0";"0";"0";"1";"0";"0";"0";"0";"0";"0";"0";"0";"0";"0";"0";"0";"0";"0";"0";"0";"0";"0";"0";"0";"0";"0";"0";"0";"0";"0";"0";"0";"0";"0";"0";"0";"0";"0";"0";"0";"0";"0";"0";"0";"0";"0";"0";"0";"0";"0";"0";"0";"0";"0";"0";"0";"0";"0";"299";"8.4";"26";"7.8";"7.8";"";"1.8";"Zutaten: SAHNE (48%), KÄSE (29%), BUTTER, SÜßMOLKENPULVER, Schmelzsalze (E 339, E 451), Speisesalz.";"DEUTSCHLAND, BUNDESREPUBLIK";"";"3"
"46501";"Handelshof";"13077062";"KL";"Kundenlistung";"09.04.2024";"01.01.2050";"04250208801923";"2319610001";"2 KOERNERBROETCHEN GLUTENFREI       POE";"";"Packung";"";"1 x 1 Packung";"Packung";"";" ";"BROT / KUCHEN";"AUFBACKWARE";"SPEZIAL-DIAET-BAECKE";"";"0";"0";"4250208800001";"K0192";"1";"EUR";" ";"2.109";"2.109";"1";"1";"0";"0";"0";"0";"0";"0";"0";"0";"0";"0";"0";"0";"0";"0";"0";"0";"0";"0";"0";"0";"0";"0";"0";"0";"0";"0";"0";"0";"0";"0";"0";"0";"0";"0";"0";"0";"0";"0";"0";"0";"0";"0";"0";"0";"0";"0";"0";"0";"0";"0";"0";"0";"0";"0";"0";"0";"0";"0";"0";"0";"0";"218";"3.5";"4.9";"39.3";"1.5";"";"1";"Zutaten: glutenfreie Weizenstärke, Wasser, Leinsamenmehl, Hefe, pflanzliches Öl (Raps), SÜSSLUPINENMEHL, Buchweizen, Leinsaat, Sonnenblumenkerne, Zucker, Flohsamenschalen, Verdickungsmittel: Guarkernmehl, Salz, Emulgator: Sonnenblumenlecithine, Karamellpulver (Karamell, Maltodextrin), fermentierte Maisstärke, Dextrose.";"DEUTSCHLAND, BUNDESREPUBLIK";"";"3"
"46501";"Handelshof";"13077062";"KL";"Kundenlistung";"09.04.2024";"01.01.2050";"04260031990060";"1270580001";"2KG CRUSHED ICE";"";"Beutel";"";"1 x 1 Beutel";"Beutel";"";" ";"TK EIS";"EIS GV";"EDNA";"";"0";"0";"4260031990008";"100035";"1";"EUR";" ";"2.109";"2.109";"1";"2";"0";"0";"0";"0";"0";"0";"0";"0";"0";"0";"0";"0";"0";"0";"0";"0";"0";"0";"0";"0";"0";"0";"0";"0";"0";"0";"0";"0";"0";"0";"0";"0";"0";"0";"0";"0";"0";"0";"0";"0";"0";"0";"0";"0";"0";"0";"0";"0";"0";"0";"0";"0";"0";"0";"0";"0";"0";"0";"0";"0";"0";"";"0";"0";"0";"0";"";"0";"Zutaten: Trinkwasser nach Trinkwasserverordnung";"";"";"3"
"46501";"Handelshof";"13077062";"KL";"Kundenlistung";"09.04.2024";"01.01.2050";"05410093146878";"1154010001";"2KG RISSO RESTAURANT MARGARINE 80%";"";"Becher";"";"1 x 1 Becher";"Becher";"";" ";"FETTE / OELE / MARGARINE";"MARGARINE GV";"VANDEMOORTELE EUROPE";"";"0";"0";"4009642000009";"412152";"1";"EUR";" ";"9.529";"9.529";"1";"1";"0";"0";"0";"0";"0";"0";"1";"0";"0";"0";"0";"0";"0";"0";"0";"0";"0";"0";"0";"0";"0";"0";"0";"0";"0";"0";"0";"0";"0";"0";"0";"0";"0";"0";"0";"0";"0";"0";"0";"0";"0";"0";"0";"0";"0";"0";"0";"0";"0";"0";"0";"0";"0";"0";"0";"0";"0";"0";"0";"0";"0";"723";"0.5";"80";"0.5";"0.5";"";"0.37";"Zutatenliste: pflanzliche Öle und Fette (Raps; Palm; Kokos); Wasser; Emulgator (Lecithine; E471; E472c); Salz (0,4%); MagerMILCHpulver; Konservierungsstoff (E202); Säuerungsmittel (Zitronensäure); Aroma; Farbstoff (Carotine); Vitamine (Vitamin A; Vitamin D).";"";"";"3"
"46501";"Handelshof";"13077062";"KL";"Kundenlistung";"09.04.2024";"01.01.2050";"08445290333483";"1656670001";"2KG VEGANER SENS. BURGER     G.GOURMET";"";"Beutel";"";"1 x 1 Beutel";"Beutel";"";" ";"TK FERTIGGER./FLEISCHGER.";"VEGETARISCHE GERICHTE";"NESTLE PROFESSIONAL";"";"0";"0";"4005507000009";"12522358";"1";"EUR";" ";"34.927";"34.927";"1";"1";"1";"0";"0";"0";"0";"1";"0";"0";"0";"0";"0";"0";"0";"0";"1";"0";"0";"0";"0";"0";"0";"0";"0";"0";"0";"0";"0";"0";"0";"0";"0";"0";"0";"0";"0";"0";"0";"0";"0";"0";"0";"0";"0";"0";"0";"0";"0";"0";"0";"0";"0";"0";"0";"0";"0";"0";"0";"0";"0";"0";"0";"176";"13";"11.6";"1.4";"0.6";"";"1.1";"Zutaten: Rehydriertes SOJAEIWEISS 47,8% (Wasser, SOJAEIWEISSKONZENTRAT 19,1%), Wasser, pflanzliche Öle (Raps, Kokos), Branntweinessig, Stabilisator (Methylcellulose), natürliche Aromen, Salz, Zitrusfaser, GERSTENMALZEXTRAKT, Zwiebelpulver, dehydrierte SOJASAUCE (SOJABOHNEN, Salz, Branntweinessig), Frucht- und Gemüsekonzentrate (Karotte, Rote Beete, schwarze Johannisbeere), schwarzer Pfeffer, Knoblauchpulver. Kann EIER, SESAM, SELLERIE und SENF enthalten.";"TSCHECHISCHE REPUBLIK";"";"3"
"46501";"Handelshof";"13077062";"KL";"Kundenlistung";"09.04.2024";"01.01.2050";"08445291347403";"1663490001";"2KG VEGANES HACK G.GOURMET";"";"Beutel";"";"1 x 1 Beutel";"Beutel";"";" ";"TK FERTIGGER./FLEISCHGER.";"VEGETARISCHE GERICHTE";"NESTLE PROFESSIONAL";"";"0";"0";"4005507000009";"12592004";"1";"EUR";" ";"24.369";"24.369";"1";"1";"0";"0";"0";"0";"0";"0";"0";"0";"0";"0";"0";"0";"0";"0";"0";"0";"0";"0";"0";"0";"0";"0";"0";"0";"0";"0";"0";"0";"0";"0";"0";"0";"0";"0";"0";"0";"0";"0";"0";"0";"0";"0";"0";"0";"0";"0";"0";"0";"0";"0";"0";"0";"0";"0";"0";"0";"0";"0";"0";"0";"0";"314";"18.1";"26.4";"1";"1";"";"1.66";"Zutaten: Schweinefleisch (46%), Schweinespeck, Schweineschwarten, Schweineblut, frische Zwiebeln, jodiertes Speisesalz, Dextrose, Gewürze, Kräuter, Konservierungsstoff: Natriumnitrit.";"";"";"3"
"46501";"Handelshof";"13077062";"KL";"Kundenlistung";"09.04.2024";"01.01.2050";"04023006211122";"2264560001";"2KG WILDPREISEL- BEEREN            WK";"";"Eimer";"";"1 x 1 Eimer";"Eimer";"";" ";"GEMUESE- / OBSTKONSERVEN";"OBST-KONSERVEN GV";"Waldkauz";"";"0";"0";"4012880000007";"WK38870";"1";"EUR";" ";"10.377";"10.377";"1";"1";"0";"0";"0";"0";"0";"0";"0";"0";"0";"0";"0";"0";"0";"0";"0";"0";"0";"0";"0";"0";"0";"0";"0";"0";"0";"0";"0";"0";"0";"0";"0";"0";"0";"0";"0";"0";"0";"0";"0";"0";"0";"0";"0";"0";"0";"0";"0";"0";"0";"0";"0";"0";"0";"0";"0";"0";"0";"0";"0";"0";"0";"";"";"";"";"";"";"";"Enthält: 30% Wildpreiselbeeren, Zucker, Wasser, Invertzuckersirup, 4% Cranberries, Geliermittel: Pektine, Verdickungsmittel: Johannisbrotkernmehl, Xanthan, Säuerungsmittel: Zitronensäure, Festigungsmittel: Calciumchlorid";"";"";"3"
"46501";"Handelshof";"13077062";"KL";"Kundenlistung";"09.04.2024";"01.01.2050";"04311501704288";"1880940001";"2X175G BIO +VEGAN TOFU GERAEUCHERT EDE";"";"Packung";"";"1 x 1 Packung";"Packung";"";" ";"CONVENIENCE";"FERTIGGERICHTE";"BERIEF FEINKOST GMBH";"";"0";"0";"4004790000000";"4566631005";"1";"EUR";" ";"2.109";"2.109";"1";"1";"1";"0";"0";"0";"0";"0";"0";"0";"0";"0";"0";"0";"0";"0";"0";"0";"0";"0";"0";"0";"0";"0";"0";"0";"0";"0";"0";"0";"0";"0";"0";"0";"0";"0";"0";"0";"0";"0";"0";"0";"0";"0";"0";"0";"0";"0";"0";"0";"0";"0";"0";"0";"0";"0";"0";"0";"0";"0";"0";"0";"0";"349";"12";"1.5";"70";"2.5";"";"0";"Zutaten: HARTWEIZEN";"";"";"3"
"46501";"Handelshof";"13077062";"KL";"Kundenlistung";"09.04.2024";"01.01.2050";"04311501613207";"1880920001";"2X200G BIO +VEGAN TOFU CLASSIC     EDE";"";"Packung";"";"1 x 1 Packung";"Packung";"";" ";"CONVENIENCE";"FERTIGGERICHTE";"BERIEF FEINKOST GMBH";"";"0";"0";"4004790000000";"2794101006";"1";"EUR";" ";"2.109";"2.109";"1";"1";"0";"0";"0";"0";"0";"0";"0";"0";"0";"0";"0";"0";"0";"0";"0";"0";"0";"0";"0";"0";"0";"0";"0";"0";"0";"0";"0";"0";"0";"0";"0";"0";"0";"0";"0";"0";"0";"0";"0";"0";"0";"0";"0";"0";"0";"0";"0";"0";"0";"0";"0";"0";"0";"0";"0";"0";"0";"0";"0";"0";"0";"374";"25.8";"1.1";"60.1";"2";"";"0.01";"";"";"";"3"
"46501";"Handelshof";"13077062";"KL";"Kundenlistung";"09.04.2024";"01.01.2050";"04006639252434";"1650250001";"20 X 25 GR.TEEWURST FEINZERKLEINERT";"";"Packung";"";"1 x 1 Packung";"Packung";"";" ";"WURST UND SCHINKEN";"STREICHMETTWURST/TEEWURST";"Stockmeyer";"";"0";"0";"4006639000004";"25243";"1";"EUR";" ";"9.953";"9.953";"1";"1";"0";"0";"0";"0";"0";"0";"0";"0";"0";"0";"0";"0";"0";"0";"0";"0";"0";"0";"0";"0";"0";"0";"0";"0";"0";"0";"0";"0";"0";"0";"0";"1";"1";"0";"0";"0";"0";"0";"0";"0";"0";"0";"0";"1";"0";"0";"0";"0";"0";"1";"0";"0";"0";"0";"0";"0";"0";"0";"0";"0";"0";"388";"13.3";"37";"0.5";"0.5";"";"2.8";"Zutaten für 100 g Fertigerzeugnis: Schweinefleisch (89 g), Speck, Speisesalz, Glucosesirup, Gewürze, Aroma, Säuerungsmittel: Glucono-delta-lacton, Citronensäure; Antioxidationsmittel: Ascorbinsäure, Konservierungsstoff: Natriumnitrit, Kaliumiodat, Reifekulturen, Rauch.";"";"";"3"
"46501";"Handelshof";"13077062";"KL";"Kundenlistung";"09.04.2024";"01.01.2050";"04260419092546";"1619120001";"200 GR.ZWIEBELMETT IN STANGE";"";"Stück";"";"1 x 1 Stück";"Stück";"";" ";"WURST UND SCHINKEN";"STREICHMETTWURST/TEEWURST";"Wolfgang Weil";"";"0";"0";"4260419090009";"2004254";"1";"EUR";" ";"2.957";"2.957";"1";"1";"0";"0";"0";"0";"0";"0";"0";"0";"0";"0";"0";"0";"0";"0";"0";"0";"0";"0";"0";"0";"0";"0";"0";"0";"0";"0";"0";"0";"0";"0";"0";"0";"0";"0";"0";"0";"0";"0";"0";"0";"0";"0";"0";"0";"0";"0";"0";"0";"0";"0";"0";"0";"0";"0";"0";"0";"0";"0";"0";"0";"0";"243";"17";"18";"1";"1";"";"1.02";"Zutaten: 92 % Schweinefleisch, jodiertes Kochsalz (Kochsalz, Natriumiodat), Gewürze (enthält SENF und SELLERIE), Konservierungsstoff: E 250, Zwiebeln, LACTOSE, Dextrose, Stabilisator: E 300 / E 301, Geschmacksverstärker: E 621, Paprikacreme.";"";"";"3"
"46501";"Handelshof";"13077062";"KL";"Kundenlistung";"09.04.2024";"01.01.2050";"04006814004254";"1307540001";"200G KUVERTUERE WEISS           WAWI";"";"Packung";"";"1 x 1 Packung";"Packung";"";" ";"PUDDING/SAUCEN/BACKZUTATEN";"BACKZUTATEN";"WAWI Kuvertüre weiß";"";"0";"0";"4006814000003";"10425006";"1";"EUR";" ";"1.473";"1.473";"1";"1";"0";"0";"0";"0";"0";"1";"1";"0";"0";"0";"0";"0";"0";"0";"0";"0";"0";"0";"0";"0";"0";"0";"0";"0";"0";"0";"0";"0";"0";"0";"0";"0";"0";"0";"0";"0";"0";"0";"0";"0";"0";"0";"0";"0";"0";"0";"0";"0";"0";"0";"0";"0";"0";"0";"0";"0";"0";"0";"0";"0";"0";"569";"4.3";"35";"58";"58";"";"0.27";"Zutaten: Zucker, Kakaobutter,VOLLMILCHPULVER, SÜSSMOLKENPULVER, Emulgator SOJALECITHINE. Produkt kann Spuren von Schalenfrüchten und Gluten enthalten.";"";"";"3"
"46501";"Handelshof";"13077062";"KL";"Kundenlistung";"09.04.2024";"01.01.2050";"04002809024795";"1874760001";"200G SCHOKOSTREUSEL RUF";"";"Packung";"";"1 x 1 Packung";"Packung";"";" ";"PUDDING/SAUCEN/BACKZUTATEN";"BACKZUTATEN";"RUF";"";"0";"0";"4002809000003";"12479";"1";"EUR";" ";"1.685";"1.685";"1";"1";"0";"0";"0";"0";"0";"0";"1";"1";"0";"0";"0";"0";"0";"0";"0";"0";"0";"0";"0";"0";"0";"0";"0";"0";"0";"0";"0";"0";"0";"1";"0";"0";"0";"0";"0";"0";"0";"0";"0";"0";"0";"0";"0";"0";"0";"0";"0";"0";"0";"0";"0";"0";"0";"0";"0";"0";"0";"0";"0";"0";"0";"443";"4.8";"15";"69";"66";"";"0.35";"Zutaten: Zucker, fettarmes Kakaopulver, Kakaomasse, Kakaobutter, Emulgator Lecithine, Überzugsmittel Gummi arabicum. Kakao: 32 % mindestens.Kann Spuren von MILCH und SCHALENFRÜCHTEN enthalten.";"";"";"3"
"46501";"Handelshof";"13077062";"KL";"Kundenlistung";"09.04.2024";"01.01.2050";"04027900605605";"1247290001";"200G STERNANIS FU";"";"Dose";"";"1 x 1 Dose";"Dose";"";" ";"GEWUERZE";"HOTEL DOSEN";"FUCHS FOODSERVICE GM";"";"0";"0";"4041974000005";"10160050";"1";"EUR";" ";"8.469";"8.469";"1";"1";"0";"0";"0";"0";"0";"0";"0";"0";"0";"0";"0";"0";"0";"0";"0";"0";"0";"0";"0";"0";"0";"0";"0";"0";"0";"0";"0";"0";"0";"0";"0";"0";"0";"0";"0";"0";"0";"0";"0";"0";"0";"0";"0";"0";"0";"0";"0";"0";"0";"0";"0";"0";"0";"0";"0";"0";"0";"0";"0";"0";"0";"398";"12";"16";"44";"34";"";"0.25";"Zutaten: Sternanis.";"";"";"3"
"46501";"Handelshof";"13077062";"KL";"Kundenlistung";"09.04.2024";"01.01.2050";"00000040158334";"3297050001";"200ML BIO CITROVIN LIMETTE";"";"Stück";"";"1 x 1 Stück";"Stück";"";" ";"ESSIG / ZITRONENSAFT";"BIO";"Citrovin";"";"0";"0";"4003387000003";"38680";"1";"EUR";" ";"0.477";"0.477";"1";"1";"0";"0";"0";"0";"0";"0";"0";"0";"0";"0";"0";"0";"0";"0";"0";"0";"0";"0";"0";"0";"0";"0";"0";"0";"0";"0";"0";"0";"0";"1";"0";"0";"0";"0";"0";"0";"0";"0";"0";"0";"0";"0";"0";"0";"0";"0";"0";"0";"0";"0";"0";"0";"0";"0";"0";"0";"0";"0";"0";"0";"0";"35";"0.5";"0.5";"0.5";"0.5";"";"0.01";"Zutaten: Wasser, 20% Bio-Limettensaft, Säuerungsmittel Citronensäure, natürliches Aroma.";"";"";"3"
"46501";"Handelshof";"13077062";"KL";"Kundenlistung";"09.04.2024";"01.01.2050";"00000040158303";"3297020001";"200ML CITROVIN ZITRONE";"";"Flasche";"";"1 x 1 Flasche";"Flasche";"";" ";"ESSIG / ZITRONENSAFT";"ZITRONENSAFT";"Citrovin";"";"0";"0";"4003387000003";"38636";"1";"EUR";" ";"0.413";"0.413";"1";"1";"0";"0";"0";"0";"0";"0";"0";"0";"0";"0";"0";"0";"0";"0";"0";"0";"0";"0";"0";"0";"0";"0";"0";"0";"0";"0";"0";"0";"0";"1";"0";"0";"0";"0";"0";"0";"0";"0";"0";"0";"0";"0";"0";"0";"0";"0";"0";"0";"0";"0";"0";"0";"0";"0";"0";"0";"0";"0";"0";"0";"0";"38";"0.5";"0.5";"0.5";"0.5";"";"0.01";"Zutaten: Wasser, 20% Bio-Zitronensaft, Säuerungsmittel Citronensäure, natürliches Aroma.";"";"";"3"
"46501";"Handelshof";"13077062";"KL";"Kundenlistung";"09.04.2024";"01.01.2050";"00000040804460";"2254000001";"212ML SILBERZWIEBELN KUE";"";"Glas";"";"1 x 1 Glas";"Glas";"";" ";"SAUERKONSERVEN";"SAUERKONSERVEN";"Kühne";"";"0";"0";"4012200000007";"41150";"1";"EUR";" ";"0.943";"0.943";"1";"1";"0";"0";"0";"0";"0";"0";"0";"0";"0";"0";"0";"1";"0";"0";"0";"0";"0";"0";"0";"0";"0";"0";"0";"0";"0";"0";"0";"0";"0";"0";"0";"0";"0";"0";"0";"0";"0";"0";"0";"0";"0";"0";"0";"0";"0";"0";"0";"0";"0";"0";"0";"0";"0";"0";"0";"0";"0";"0";"0";"0";"0";"37";"0.8";"0.1";"6.5";"6.2";"";"1.7";"Zutaten: Silberzwiebeln, Branntweinessig, Glukose-Fruktose-Sirup, Salz, Zucker, Antioxidationsmittel Ascorbinsäure, Citronensäure und NATRIUMMETABISULFIT, natürliches Aroma";"";"";"3"
"46501";"Handelshof";"13077062";"KL";"Kundenlistung";"09.04.2024";"01.01.2050";"08715700419794";"1801930001";"2,15L BURGER RELISH HZ";"";"Kanister";"";"1 x 1 Kanister";"Kanister";"";" ";"SENF / KETCHUP / MAYONNAISE";"WUERZSAUCEN";"Heinz";"";"0";"0";"4026071000004";"74001804";"1";"EUR";" ";"14.299";"14.299";"1";"1";"0";"0";"0";"0";"0";"0";"0";"0";"0";"1";"0";"0";"0";"0";"0";"0";"0";"0";"0";"0";"0";"0";"0";"0";"0";"0";"0";"0";"0";"0";"0";"0";"0";"0";"0";"0";"0";"0";"0";"0";"0";"0";"0";"0";"0";"0";"0";"0";"0";"0";"0";"0";"0";"0";"0";"0";"0";"0";"0";"0";"0";"108";"1.4";"0.2";"23";"21";"";"0.83";"Zutaten:Tomatenmark 31%, Zucker, Zwiebeln, Gewürzgurken 11%, Tomaten 9% (enthält Festigungsmittel (Calciumchlorid)), Essig, rote Paprika 6%, Karotten, modifizierte Stärke, Salz, SENF (Wasser, SENFsamen, Essig, Salz, Gewürze), SENFpulver, Zwiebelpulver, Knoblauchpulver, Gewürze";"";"";"3"
"46501";"Handelshof";"13077062";"KL";"Kundenlistung";"09.04.2024";"01.01.2050";"04260194951229";"2157790001";"22G PURES BOURBON VANILLEPULVER    EFK";"";"Glas";"";"1 x 1 Glas";"Glas";"";" ";"GEWUERZE";"GV-PACKUNGEN";"EFK WARENHANDEL";"";"0";"0";"4260194950000";"95122";"1";"EUR";" ";"19.387";"19.387";"1";"1";"0";"0";"0";"0";"0";"0";"0";"0";"0";"0";"0";"0";"0";"0";"0";"0";"0";"0";"0";"0";"0";"0";"0";"0";"0";"0";"0";"0";"0";"0";"0";"0";"0";"0";"0";"0";"0";"0";"0";"0";"0";"0";"0";"0";"0";"0";"0";"0";"0";"0";"0";"0";"0";"0";"0";"0";"0";"0";"0";"0";"0";"";"";"";"";"";"";"";"";"";"";"3"
"46501";"Handelshof";"13077062";"KL";"Kundenlistung";"09.04.2024";"01.01.2050";"08008698038543";"1902560001";"240G KAISERBROETCHEN DS";"";"Stück";"";"1 x 1 Stück";"Stück";"";" ";"REFORMKOST";"VOLLWERTKOST";"DR. SCHAER DEUTSCHLA";"";"0";"0";"4047388000006";"103007";"1";"EUR";" ";"3.169";"3.169";"1";"1";"0";"0";"0";"0";"0";"1";"0";"0";"0";"0";"0";"0";"0";"0";"0";"0";"0";"0";"0";"0";"0";"0";"0";"0";"0";"0";"0";"0";"0";"0";"0";"0";"0";"0";"0";"0";"0";"0";"0";"0";"0";"0";"0";"0";"0";"0";"0";"0";"0";"0";"0";"0";"0";"0";"0";"0";"0";"0";"0";"0";"0";"246";"2.9";"3.4";"48";"3.8";"";"1.1";"Zutaten: Maisstärke,Wasser, Sauerteig 13% (Reismehl,Wasser), Flohsamenschalen (Plantago Psyllium), Hirsemehl 4,1%, Zucker, Reisstärke, Verdickungsmittel: Hydroxypropylmethylcellulose; Sonnenblumenöl mit hohem Ölsäuregehalt, SOJAPROTEIN, Hefe, iodiertes Salz (Salz, Kaliumiodid). Kann Spuren von SENF enthalten.";"ITALIEN";"";"3"
"46501";"Handelshof";"13077062";"KL";"Kundenlistung";"09.04.2024";"01.01.2050";"04009884410758";"1187410001";"2,5KG BEERENCOCKTAIL GOLDEN CROWN";"";"Beutel";"";"1 x 1 Beutel";"Beutel";"";" ";"TK GEMUESE/OBST/KARTOFFELN";"OBST GV";"Golden Crown";"";"0";"0";"4009884000003";"1278 -F12730";"1";"EUR";" ";"8.99";"8.99";"1";"1";"0";"0";"0";"0";"0";"0";"0";"0";"0";"0";"0";"0";"0";"0";"0";"0";"0";"0";"0";"0";"0";"0";"0";"0";"0";"0";"0";"0";"0";"1";"0";"0";"0";"0";"0";"0";"0";"0";"0";"0";"0";"0";"0";"0";"0";"0";"0";"0";"0";"0";"0";"0";"0";"0";"0";"0";"0";"0";"0";"0";"0";"44";"1";"0.4";"5.6";"5.6";"";"";"Zutatenliste: Johannisbeeren rot und schwarz, Brombeeren, Erdbeeren, Himbeeren, Heidelbeeren";"";"";"3"
"46501";"Handelshof";"13077062";"KL";"Kundenlistung";"09.04.2024";"01.01.2050";"04311596609277";"1237750001";"2,5KG BLATTSPINAT PORT.         EFS CL";"";"Beutel";"";"1 x 1 Beutel";"Beutel";"";" ";"TK GEMUESE/OBST/KARTOFFELN";"GEMUESE GV";"DICOFOODS nv/sa";"";"0";"0";"5413508000000";"20010813";"1";"EUR";" ";"4.653";"4.653";"1";"1";"0";"0";"0";"0";"0";"0";"0";"0";"0";"0";"0";"0";"0";"0";"0";"0";"0";"0";"0";"0";"0";"0";"0";"0";"0";"0";"0";"0";"0";"0";"0";"0";"0";"0";"0";"0";"0";"0";"0";"0";"0";"0";"0";"0";"0";"0";"0";"0";"0";"0";"0";"0";"0";"0";"0";"0";"0";"0";"0";"0";"0";"";"";"";"";"";"";"";"";"";"";"3"
"46501";"Handelshof";"13077062";"KL";"Kundenlistung";"09.04.2024";"01.01.2050";"04311596611898";"1237810001";"2,5KG BLUMENKOHL 30/60         EFS CL";"";"Beutel";"";"1 x 1 Beutel";"Beutel";"";" ";"TK GEMUESE/OBST/KARTOFFELN";"GEMUESE GV";"DICOFOODS nv/sa";"";"0";"0";"5413508000000";"20010901";"1";"EUR";" ";"4.759";"4.759";"1";"1";"0";"0";"0";"0";"0";"0";"0";"0";"0";"0";"0";"0";"0";"0";"0";"0";"0";"0";"0";"0";"0";"0";"0";"0";"0";"0";"0";"0";"0";"0";"0";"0";"0";"0";"0";"0";"0";"0";"0";"0";"0";"0";"0";"0";"0";"0";"0";"0";"0";"0";"0";"0";"0";"0";"0";"0";"0";"0";"0";"0";"0";"";"";"";"";"";"";"";"";"";"";"3"
"46501";"Handelshof";"13077062";"KL";"Kundenlistung";"09.04.2024";"01.01.2050";"04311596611928";"1221480001";"2,5KG BROCCOLI 40/60 EFS CL";"";"Beutel";"";"1 x 1 Beutel";"Beutel";"";" ";"TK GEMUESE/OBST/KARTOFFELN";"GEMUESE GV";"DICOFOODS nv/sa";"";"0";"0";"5413508000000";"20010908";"1";"EUR";" ";"7.409";"7.409";"1";"1";"0";"0";"0";"0";"0";"0";"0";"0";"0";"0";"0";"0";"0";"0";"0";"0";"0";"0";"0";"0";"0";"0";"0";"0";"0";"0";"0";"0";"0";"0";"0";"0";"0";"0";"0";"0";"0";"0";"0";"0";"0";"0";"0";"0";"0";"0";"0";"0";"0";"0";"0";"0";"0";"0";"0";"0";"0";"0";"0";"0";"0";"";"";"";"";"";"";"";"";"";"";"3"
"46501";"Handelshof";"13077062";"KL";"Kundenlistung";"09.04.2024";"01.01.2050";"04311596609246";"1237950001";"2,5KG GEMUESEMISCH. EUROMIX       EFS CL";"";"Beutel";"";"1 x 1 Beutel";"Beutel";"";" ";"TK GEMUESE/OBST/KARTOFFELN";"GEMUESE GV";"DICOFOODS nv/sa";"";"0";"0";"5413508000000";"20010814";"1";"EUR";" ";"4.229";"4.229";"1";"1";"0";"0";"0";"0";"0";"0";"0";"0";"0";"0";"0";"0";"0";"0";"0";"0";"0";"0";"0";"0";"0";"0";"0";"0";"0";"0";"0";"0";"0";"0";"0";"0";"0";"0";"0";"0";"0";"0";"0";"0";"0";"0";"0";"0";"0";"0";"0";"0";"0";"0";"0";"0";"0";"0";"0";"0";"0";"0";"0";"0";"0";"";"";"";"";"";"";"";"";"";"";"3"
"46501";"Handelshof";"13077062";"KL";"Kundenlistung";"09.04.2024";"01.01.2050";"03083680049450";"1082110001";"2,5KG GRUENE BOHNEN FEIN            BOND";"";"Beutel";"";"1 x 1 Beutel";"Beutel";"";" ";"TK GEMUESE/OBST/KARTOFFELN";"GEMUESE GV";"Bonduelle";"";"0";"0";"4042479000026";"666020";"1";"EUR";" ";"8.469";"8.469";"1";"1";"0";"0";"0";"0";"0";"0";"0";"0";"1";"0";"0";"0";"0";"0";"0";"0";"0";"0";"0";"0";"0";"0";"0";"0";"0";"0";"0";"0";"0";"1";"0";"0";"0";"0";"0";"0";"0";"0";"0";"0";"0";"0";"0";"0";"0";"0";"0";"0";"0";"0";"0";"0";"0";"0";"0";"0";"0";"0";"0";"0";"0";"36";"2.1";"0.2";"4.9";"1.5";"";"0.03";"Zutaten: Grüne Bohnen. Spuren von SELLERIE möglich.";"";"";"3"
"46501";"Handelshof";"13077062";"KL";"Kundenlistung";"09.04.2024";"01.01.2050";"08710449937790";"1216030001";"2,5KG HERZOGIN- KARTOFFELN";"";"Beutel";"";"1 x 1 Beutel";"Beutel";"";" ";"TK GEMUESE/OBST/KARTOFFELN";"KARTOFFEL-SPEZIALITAETEN GV";"Aviko";"";"0";"0";"8710449000005";"806653";"1";"EUR";" ";"6.667";"6.667";"1";"1";"0";"0";"0";"0";"0";"0";"1";"0";"0";"0";"0";"0";"0";"0";"0";"0";"0";"0";"0";"0";"0";"0";"0";"0";"0";"0";"0";"0";"0";"0";"0";"0";"0";"0";"0";"0";"0";"0";"0";"0";"0";"0";"0";"0";"0";"0";"0";"0";"0";"0";"0";"0";"0";"0";"0";"0";"0";"0";"0";"0";"0";"145";"2.5";"5";"21.5";"1.3";"";"0.5";"Zutaten: Kartoffeln, pflanzliches Öl (Raps, Sonnenblumen, Palm), Salz, MOLKENERZEUGNIS, Zwiebelpulver, Stabilisator (hydroxypropylmethylcellulose) und Gewürze.";"";"";"3"
"46501";"Handelshof";"13077062";"KL";"Kundenlistung";"09.04.2024";"01.01.2050";"04009884410161";"1187290001";"2,5KG HIMBEEREN GOLDEN CROWN";"";"Beutel";"";"1 x 1 Beutel";"Beutel";"";" ";"TK GEMUESE/OBST/KARTOFFELN";"OBST GV";"Golden Crown";"";"0";"0";"4009884000003";"1195 -372730";"1";"EUR";" ";"19.387";"19.387";"1";"1";"0";"0";"0";"0";"0";"0";"0";"0";"0";"0";"0";"0";"0";"0";"0";"0";"0";"0";"0";"0";"0";"0";"0";"0";"0";"0";"0";"0";"0";"1";"0";"0";"0";"0";"0";"0";"0";"0";"0";"0";"0";"0";"0";"0";"0";"0";"0";"0";"0";"0";"0";"0";"0";"0";"0";"0";"0";"0";"0";"0";"0";"43";"1.3";"0.3";"4.8";"4.8";"";"";"Zutatenliste: Himbeeren";"";"";"3"
"46501";"Handelshof";"13077062";"KL";"Kundenlistung";"09.04.2024";"01.01.2050";"04009884410529";"1187320001";"2,5KG JOHANNISBEEREN ROT";"";"Beutel";"";"1 x 1 Beutel";"Beutel";"";" ";"TK GEMUESE/OBST/KARTOFFELN";"OBST GV";"Golden Crown";"";"0";"0";"4009884000003";"1197 -ZZ2730";"1";"EUR";" ";"7.409";"7.409";"1";"1";"0";"0";"0";"0";"0";"0";"0";"0";"0";"0";"0";"0";"0";"0";"0";"0";"0";"0";"0";"0";"0";"0";"0";"0";"0";"0";"0";"0";"0";"1";"0";"0";"0";"0";"0";"0";"0";"0";"0";"0";"0";"0";"0";"0";"0";"0";"0";"0";"0";"0";"0";"0";"0";"0";"0";"0";"0";"0";"0";"0";"0";"40";"1.1";"0.2";"4.8";"4.8";"";"";"Zutatenliste: rote Johannisbeeren";"";"";"3"
"46501";"Handelshof";"13077062";"KL";"Kundenlistung";"09.04.2024";"01.01.2050";"04311596610877";"1237730001";"2,5KG KAROTTEN- SCHEIBEN      EFS CL";"";"Beutel";"";"1 x 1 Beutel";"Beutel";"";" ";"TK GEMUESE/OBST/KARTOFFELN";"GEMUESE GV";"DICOFOODS nv/sa";"";"0";"0";"5413508000000";"20010851";"1";"EUR";" ";"3.593";"3.593";"1";"1";"0";"0";"0";"0";"0";"0";"0";"0";"0";"0";"0";"0";"0";"0";"0";"0";"0";"0";"0";"0";"0";"0";"0";"0";"0";"0";"0";"0";"0";"0";"0";"0";"0";"0";"0";"0";"0";"0";"0";"0";"0";"0";"0";"0";"0";"0";"0";"0";"0";"0";"0";"0";"0";"0";"0";"0";"0";"0";"0";"0";"0";"";"";"";"";"";"";"";"";"";"";"3"
"46501";"Handelshof";"13077062";"KL";"Kundenlistung";"09.04.2024";"01.01.2050";"04006934322207";"1193980001";"2,5KG KARTOFFEL- KROKETTEN LANG";"";"Beutel";"";"1 x 1 Beutel";"Beutel";"";" ";"TK GEMUESE/OBST/KARTOFFELN";"KARTOFFEL-SPEZIALITAETEN GV";"Schne-frost";"";"0";"0";"4006934000006";"3222";"1";"EUR";" ";"5.819";"5.819";"1";"1";"0";"0";"0";"0";"0";"0";"0";"0";"0";"0";"0";"0";"0";"0";"1";"0";"0";"0";"0";"0";"0";"0";"0";"0";"0";"0";"0";"0";"0";"1";"0";"0";"0";"0";"0";"0";"0";"0";"0";"0";"0";"0";"0";"0";"0";"0";"0";"0";"0";"0";"0";"0";"0";"0";"0";"0";"0";"0";"0";"0";"0";"106";"2.1";"0.7";"21.9";"0.5";"";"1";"Zutaten: Kartoffeln, Paniermehl (WEIZENMEHL, Wasser, Speisesalz, Hefe), modifizierte WEIZENSTÄRKE, Kartoffelstärke, Speisesalz, Emulgator Mono- und Diglyceride von Speisefettsäuren, Verdickungsmittel Hydroxypropylmethylcellulose, Gewürze, Zucker, Sonnenblumenöl.";"";"";"3"
"46501";"Handelshof";"13077062";"KL";"Kundenlistung";"09.04.2024";"01.01.2050";"04008241200407";"1898300001";"2,5KG KLASS.PUDDING VANILLE ZUM KOCH. OE";"";"Faltschachtel";"";"1 x 1 Faltschachtel";"Faltschachtel";"";" ";"PUDDING/SAUCEN/BACKZUTATEN";"PUDDINGPULVER GV";"DR. OETKER PROFESSIO";"";"0";"0";"4006733000009";"1-39-202004";"1";"EUR";" ";"15.889";"15.889";"1";"1";"0";"0";"0";"0";"0";"0";"0";"0";"0";"0";"0";"0";"0";"0";"0";"0";"0";"0";"0";"0";"0";"0";"0";"0";"0";"0";"0";"0";"0";"1";"0";"0";"0";"0";"0";"0";"0";"0";"0";"0";"0";"0";"0";"0";"0";"0";"0";"0";"0";"0";"0";"0";"0";"0";"0";"0";"0";"0";"0";"0";"0";"93";"2.9";"1.4";"17";"11";"";"0.16";"Zutaten: Maisstärke, färbende Lebensmittel (Karottensaftkonzentrat, Kurkumaextrakt), Salz, Aroma, Im Rahmen der Produktion werden auch verarbeitet: (SOJA, MILCH/LAKTOSE, EI, GLUTENHALTIGES GETREIDE, SCHALENFRÜCHTE), Technologisch unvermeidbare Spuren können daher nicht ausgeschlossen werden.";"";"";"3"
"46501";"Handelshof";"13077062";"KL";"Kundenlistung";"09.04.2024";"01.01.2050";"08710449126101";"1215800001";"2,5KG KROKETTEN LANG AVIKO";"";"Beutel";"";"1 x 1 Beutel";"Beutel";"";" ";"TK GEMUESE/OBST/KARTOFFELN";"KARTOFFEL-SPEZIALITAETEN GV";"AVIKO B.V.";"";"0";"0";"8710449000005";"600520";"1";"EUR";" ";"5.289";"5.289";"1";"1";"0";"0";"0";"0";"0";"0";"1";"0";"0";"0";"0";"0";"0";"0";"1";"0";"0";"0";"0";"0";"0";"0";"0";"0";"0";"0";"0";"0";"0";"0";"0";"0";"0";"0";"0";"0";"0";"0";"0";"0";"0";"0";"0";"0";"0";"0";"0";"0";"0";"0";"0";"0";"0";"0";"0";"0";"0";"0";"0";"0";"0";"119";"2.5";"0.2";"26";"0.2";"";"0.8";"Zutaten: Kartoffeln, Paniermehl (WEIZENMEHL, Hefe, Salz, Gewürze), Salz, WEIZENMEHL, Stabilisator: Hydroxyproylmethylcellulose, Gewürze, Zwiebelpulver.";"";"";"3"
"46501";"Handelshof";"13077062";"KL";"Kundenlistung";"09.04.2024";"01.01.2050";"00000040594132";"1408900001";"2,5KG MEERRETTICH TAFELFERTIG       KO";"";"Eimer";"";"1 x 1 Eimer";"Eimer";"";" ";"SENF / KETCHUP / MAYONNAISE";"MEERRETTICH";"KOCH´s";"";"0";"0";"4006824000000";"1832";"1";"EUR";" ";"14.829";"14.829";"1";"1";"0";"0";"0";"0";"0";"0";"1";"0";"0";"0";"0";"1";"0";"0";"0";"0";"0";"0";"0";"0";"0";"0";"0";"0";"0";"0";"0";"0";"0";"0";"0";"0";"0";"0";"0";"0";"0";"0";"0";"0";"0";"0";"0";"0";"0";"0";"0";"0";"0";"0";"0";"0";"0";"0";"0";"0";"0";"0";"0";"0";"0";"152";"2";"10";"10";"7";"";"0.75";"Zutaten: Meerrettich, Wasser, Rapsöl, Branntweinessig, Zucker, MILCHEIWEISS, Stabilisatoren: Guarkernmehl, Johannisbrotkernmehl und Xanthan, modifizierte Kartoffelstärke, Speisesalz, Säuerungsmittel: Citronensäure, Antioxidationsmittel: NATRIUMMETABISULFIT, Gewürze.";"";"";"3"
"46501";"Handelshof";"13077062";"KL";"Kundenlistung";"09.04.2024";"01.01.2050";"04007801116042";"1855600001";"2,5KG MONDAMIN";"";"Faltschachtel";"";"1 x 1 Faltschachtel";"Faltschachtel";"";" ";"TROCKENSUPPEN UND SAUCEN";"SOSSENBINDER GV";"Mondamin";"";"0";"0";"4007801000006";"1604";"1";"EUR";" ";"8.999";"8.999";"1";"1";"0";"0";"0";"0";"0";"0";"0";"0";"0";"0";"0";"0";"0";"0";"0";"0";"0";"0";"0";"0";"0";"0";"0";"0";"0";"0";"0";"0";"0";"0";"0";"0";"0";"0";"0";"0";"0";"0";"0";"0";"0";"0";"0";"0";"0";"0";"0";"0";"0";"0";"0";"0";"0";"0";"0";"0";"0";"0";"0";"0";"0";"355";"0.5";"0.5";"86";"0";"";"0.01";"Zutaten: Reine Maisstärke";"";"";"3"
"46501";"Handelshof";"13077062";"KL";"Kundenlistung";"09.04.2024";"01.01.2050";"05411361239704";"1109320001";"2,5KG PAPRIKASTREIFE AMPEL           ARDO";"";"Beutel";"";"1 x 1 Beutel";"Beutel";"";" ";"TK GEMUESE/OBST/KARTOFFELN";"GEMUESE GV";"ARDO";"";"0";"0";"4260197910001";"10001244";"1";"EUR";" ";"8.893";"8.893";"1";"1";"0";"0";"0";"0";"0";"0";"0";"0";"0";"0";"0";"0";"0";"0";"0";"0";"0";"0";"0";"0";"0";"0";"0";"0";"0";"0";"0";"0";"0";"0";"0";"0";"0";"0";"0";"0";"0";"0";"0";"0";"0";"0";"0";"0";"0";"0";"0";"0";"0";"0";"0";"0";"0";"0";"0";"0";"0";"0";"0";"0";"0";"29";"0.96";"0.32";"4.66";"4.42";"";"0.01";"ZUTATEN: Paprika rot Streifen, Paprika grün Streifen, Paprika gelb Streifen (in veränderlichen Gewichtsanteilen).";"";"";"3"
"46501";"Handelshof";"13077062";"KL";"Kundenlistung";"09.04.2024";"01.01.2050";"04009884411854";"1187400001";"2,5KG PFLAUMEN 1/2 FRUCHT";"";"Beutel";"";"1 x 1 Beutel";"Beutel";"";" ";"TK GEMUESE/OBST/KARTOFFELN";"OBST GV";"Golden Crown";"";"0";"0";"4009884000003";"1230 -ZZ2730";"1";"EUR";" ";"6.349";"6.349";"1";"1";"0";"0";"0";"0";"0";"0";"0";"0";"0";"0";"0";"0";"0";"0";"0";"0";"0";"0";"0";"0";"0";"0";"0";"0";"0";"0";"0";"0";"0";"1";"0";"0";"0";"0";"0";"0";"0";"0";"0";"0";"0";"0";"0";"0";"0";"0";"0";"0";"0";"0";"0";"0";"0";"0";"0";"0";"0";"0";"0";"0";"0";"51";"0.6";"0.2";"10";"10";"";"";"Zutatenliste: Pflaumen";"";"";"3"
"46501";"Handelshof";"13077062";"KL";"Kundenlistung";"09.04.2024";"01.01.2050";"04009884411403";"1187390001";"2,5KG RHABARBER";"";"Beutel";"";"1 x 1 Beutel";"Beutel";"";" ";"TK GEMUESE/OBST/KARTOFFELN";"OBST GV";"Golden Crown Tiefküh";"";"0";"0";"4009884000003";"1233 -ZZ2730";"1";"EUR";" ";"8.469";"8.469";"1";"1";"0";"0";"0";"0";"0";"0";"0";"0";"0";"0";"0";"0";"0";"0";"0";"0";"0";"0";"0";"0";"0";"0";"0";"0";"0";"0";"0";"0";"0";"1";"0";"0";"0";"0";"0";"0";"0";"0";"0";"0";"0";"0";"0";"0";"0";"0";"0";"0";"0";"0";"0";"0";"0";"0";"0";"0";"0";"0";"0";"0";"0";"20";"0.6";"0.1";"1.4";"1.4";"";"";"Zutatenliste: roter Rhabarber";"";"";"3"
"46501";"Handelshof";"13077062";"KL";"Kundenlistung";"09.04.2024";"01.01.2050";"04006934540304";"1162050001";"2,5KG ROESTINCHEN";"";"Beutel";"";"1 x 1 Beutel";"Beutel";"";" ";"TK GEMUESE/OBST/KARTOFFELN";"KARTOFFEL-SPEZIALITAETEN GV";"Schne-frost";"";"0";"0";"4006934000006";"4018";"1";"EUR";" ";"8.257";"8.257";"1";"1";"0";"0";"0";"0";"0";"0";"0";"0";"0";"0";"0";"0";"0";"0";"0";"0";"0";"0";"0";"0";"0";"0";"0";"0";"0";"0";"0";"0";"0";"1";"0";"0";"0";"0";"0";"0";"0";"0";"0";"0";"0";"0";"0";"0";"0";"0";"0";"0";"0";"0";"0";"0";"0";"0";"0";"0";"0";"0";"0";"0";"0";"88";"1.9";"0.1";"19";"0.5";"";"0.8";"Zutaten: Kartoffeln, Kartoffelstärke, jodiertes Speisesalz, Verdickungsmittel Methylcellulose, Gewürzextrakt, Maltodextrin, modifizierte Kartoffelstärke.";"";"";"3"
"46501";"Handelshof";"13077062";"KL";"Kundenlistung";"09.04.2024";"01.01.2050";"04006934740308";"1162270001";"2,5KG ROESTKARTOFFEL SCHNEFROST";"";"Beutel";"";"1 x 1 Beutel";"Beutel";"";" ";"TK GEMUESE/OBST/KARTOFFELN";"KARTOFFEL-SPEZIALITAETEN GV";"Schne-frost";"";"0";"0";"4006934000006";"2230";"1";"EUR";" ";"6.031";"6.031";"1";"1";"0";"0";"0";"0";"0";"0";"0";"0";"0";"0";"0";"0";"0";"0";"0";"0";"0";"0";"0";"0";"0";"0";"0";"0";"0";"0";"0";"0";"0";"1";"0";"0";"0";"0";"0";"0";"0";"0";"0";"0";"0";"0";"0";"0";"0";"0";"0";"0";"0";"0";"0";"0";"0";"0";"0";"0";"0";"0";"0";"0";"0";"148";"2.4";"3.8";"25";"0.5";"";"0.05";"Zutaten: Kartoffel, Rapsöl.";"";"";"3"
"46501";"Handelshof";"13077062";"KL";"Kundenlistung";"09.04.2024";"01.01.2050";"04311596611126";"1237790001";"2,5KG ROSENKOHL 25/30MM       EFS CL";"";"Beutel";"";"1 x 1 Beutel";"Beutel";"";" ";"TK GEMUESE/OBST/KARTOFFELN";"GEMUESE GV";"DICOFOODS nv/sa";"";"0";"0";"5413508000000";"20010826";"1";"EUR";" ";"3.911";"3.911";"1";"1";"0";"0";"0";"0";"0";"0";"0";"0";"0";"0";"0";"0";"0";"0";"0";"0";"0";"0";"0";"0";"0";"0";"0";"0";"0";"0";"0";"0";"0";"0";"0";"0";"0";"0";"0";"0";"0";"0";"0";"0";"0";"0";"0";"0";"0";"0";"0";"0";"0";"0";"0";"0";"0";"0";"0";"0";"0";"0";"0";"0";"0";"";"";"";"";"";"";"";"";"";"";"3"
"46501";"Handelshof";"13077062";"KL";"Kundenlistung";"09.04.2024";"01.01.2050";"04006934246008";"1161760001";"2,5KG ROSMARIN- KARTOFFELN";"";"Beutel";"";"1 x 1 Beutel";"Beutel";"";" ";"TK GEMUESE/OBST/KARTOFFELN";"KARTOFFEL-SPEZIALITAETEN GV";"Schne-frost";"";"0";"0";"4006934000006";"2460";"1";"EUR";" ";"8.363";"8.363";"1";"1";"0";"0";"0";"0";"0";"0";"0";"0";"0";"0";"0";"0";"0";"0";"0";"0";"0";"0";"0";"0";"0";"0";"0";"0";"0";"0";"0";"0";"0";"1";"0";"0";"0";"0";"0";"0";"0";"0";"0";"0";"0";"0";"0";"0";"0";"0";"0";"0";"0";"0";"0";"0";"0";"0";"0";"0";"0";"0";"0";"0";"0";"150";"2.6";"5.7";"21";"0.5";"";"1";"Zutaten: Kartoffeln, Rapsöl, Sonnenblumenöl, Speisesalz, Rosmarin 0,6 %, Gewürze, Traubenzucker, Kartoffelstärke.";"";"";"3"
"46501";"Handelshof";"13077062";"KL";"Kundenlistung";"09.04.2024";"01.01.2050";"08710449002825";"1216360001";"2,5KG SPICY JACKET WEDGES GEWUERZT";"";"Beutel";"";"1 x 1 Beutel";"Beutel";"";" ";"TK GEMUESE/OBST/KARTOFFELN";"KARTOFFEL-SPEZIALITAETEN GV";"Aviko";"";"0";"0";"8710449000005";"683500";"1";"EUR";" ";"4.69";"4.69";"1";"1";"1";"0";"0";"0";"0";"0";"0";"0";"0";"0";"0";"0";"0";"0";"1";"0";"0";"0";"0";"0";"0";"0";"0";"0";"0";"0";"0";"0";"0";"0";"0";"0";"0";"0";"0";"0";"0";"0";"0";"0";"0";"0";"0";"0";"0";"0";"0";"0";"0";"0";"0";"0";"0";"0";"0";"0";"0";"0";"0";"0";"0";"140";"2.5";"5";"20";"0.5";"";"0.6";"Zutaten: Kartoffeln, Sonnenblumenöl, WEIZENKERNMEHL, Speisesalz, Maisstärke, Gewürze, Maismehl, Dextrose.";"";"";"3"
"46501";"Handelshof";"13077062";"KL";"Kundenlistung";"09.04.2024";"01.01.2050";"08710449001620";"1216050001";"2,5KG STEAKHOUSE FRITES 10X20MM AVIKO";"";"Beutel";"";"1 x 1 Beutel";"Beutel";"";" ";"TK GEMUESE/OBST/KARTOFFELN";"POMMES FRITES GV";"Aviko";"";"0";"0";"8710449000005";"240522";"1";"EUR";" ";"3.99";"3.99";"1";"1";"0";"0";"0";"0";"0";"0";"0";"0";"0";"0";"0";"0";"0";"0";"0";"0";"0";"0";"0";"0";"0";"0";"0";"0";"0";"0";"0";"0";"0";"0";"0";"0";"0";"0";"0";"0";"0";"0";"0";"0";"0";"0";"0";"0";"0";"0";"0";"0";"0";"0";"0";"0";"0";"0";"0";"0";"0";"0";"0";"0";"0";"135";"2.5";"3.5";"22.5";"0.4";"";"0.1";"Zutaten: Kartoffeln, Palmöl";"";"";"3"
"46501";"Handelshof";"13077062";"KL";"Kundenlistung";"09.04.2024";"01.01.2050";"04006934520306";"1162000001";"2,5KG/120G ROESTI SCHWEIZER ART";"";"Beutel";"";"1 x 1 Beutel";"Beutel";"";" ";"TK GEMUESE/OBST/KARTOFFELN";"KARTOFFEL-SPEZIALITAETEN GV";"Schne-frost";"";"0";"0";"4006934000006";"4326";"1";"EUR";" ";"7.409";"7.409";"1";"1";"0";"0";"0";"0";"0";"0";"0";"0";"0";"0";"0";"0";"0";"0";"0";"0";"0";"0";"0";"0";"0";"0";"0";"0";"0";"0";"0";"0";"0";"1";"0";"0";"0";"0";"0";"0";"0";"0";"0";"0";"0";"0";"0";"0";"0";"0";"0";"0";"0";"0";"0";"0";"0";"0";"0";"0";"0";"0";"0";"0";"0";"80";"1.8";"0.2";"17";"0.5";"";"0.8";"Zutaten: Kartoffeln, Kartoffelstärke, jodiertes Speisesalz, Verdickungsmittel Methylcellulose, Gewürzextrakt, Maltodextrin, modifizierte Kartoffelstärke.";"";"";"3"
"46501";"Handelshof";"13077062";"KL";"Kundenlistung";"09.04.2024";"01.01.2050";"04250367522295";"1214390001";"2,5L EISCREME VEGAN VANILLE GASTRO PREM.";"";"Wanne";"";"1 x 1 Wanne";"Wanne";"";" ";"TK EIS";"EIS GV";"HAAK & CHRIST GMBH";"";"0";"0";"4260066160001";"6524";"1";"EUR";" ";"12.709";"12.709";"1";"1";"0";"0";"0";"0";"0";"0";"0";"0";"0";"0";"0";"0";"0";"0";"0";"0";"0";"0";"0";"0";"0";"0";"0";"0";"0";"0";"0";"0";"0";"0";"0";"0";"0";"0";"0";"0";"0";"0";"0";"0";"0";"0";"0";"0";"0";"0";"0";"0";"0";"0";"0";"0";"0";"0";"0";"0";"0";"0";"0";"0";"0";"230";"16";"17";"3";"0.5";"";"1.6";"Zutaten: Rindfleisch (84%), Wasser, Paniermehl (WEIZENMEHL, Wasser, Speisesalz, Hefe), Speisesalz, Pfeffer, Traubenzucker, WEIZENEIWEISS, Aroma, Gewürze, Gewürzextrakte.";"";"";"3"
"46501";"Handelshof";"13077062";"KL";"Kundenlistung";"09.04.2024";"01.01.2050";"08711000506448";"2588340001";"25X1,8G JACOBS ESPRESSO STICKS";"";"Packung";"";"1 x 1 Packung";"Packung";"";" ";"KAFFEE";"INSTANT-KAFFEE";"JACOBS";"";"0";"0";"4000508000003";"4031699";"1";"EUR";" ";"2.427";"2.427";"1";"1";"0";"0";"0";"0";"0";"0";"0";"0";"0";"0";"0";"0";"0";"0";"0";"0";"0";"0";"0";"0";"0";"0";"0";"0";"0";"0";"0";"0";"0";"0";"0";"0";"0";"0";"0";"0";"0";"0";"0";"0";"0";"0";"0";"0";"0";"0";"0";"0";"0";"0";"0";"0";"0";"0";"0";"0";"0";"0";"0";"0";"0";"";"";"";"";"";"";"";"";"";"";"3"
"46501";"Handelshof";"13077062";"KL";"Kundenlistung";"09.04.2024";"01.01.2050";"04039416121388";"3426440001";"250 KORBFILTER WEISS GR.90";"";"Packung";"";"1 x 1 Packung";"Packung";"";" ";"PAPIERWAREN";"KAFFEE-/TEEFILTER";"GUDE GMBH";"";"0";"0";"4039416000003";"470500";"1";"EUR";" ";"4.865";"4.865";"1";"2";"0";"0";"0";"0";"0";"0";"0";"0";"0";"0";"0";"0";"0";"0";"0";"0";"0";"0";"0";"0";"0";"0";"0";"0";"0";"0";"0";"0";"0";"0";"0";"0";"0";"0";"0";"0";"0";"0";"0";"0";"0";"0";"0";"0";"0";"0";"0";"0";"0";"0";"0";"0";"0";"0";"0";"0";"0";"0";"0";"0";"0";"";"";"";"";"";"";"";"";"";"";"3"
"46501";"Handelshof";"13077062";"KL";"Kundenlistung";"09.04.2024";"01.01.2050";"00000000000000";"8925940001";"250 SERV.33X33 3LG 1/4 LIZ";"";"Stück";"";"1 x 1 Stück";"Stück";"";" ";"KERZEN UND SERVIETTEN";"SERVIETTEN";"DUNI GMBH";"";"0";"0";"4002215000000";"178265";"1";"EUR";" ";"14.829";"14.829";"1";"2";"0";"0";"0";"0";"0";"0";"0";"0";"0";"0";"0";"0";"0";"0";"0";"0";"0";"0";"0";"0";"0";"0";"0";"0";"0";"0";"0";"0";"0";"0";"0";"0";"0";"0";"0";"0";"0";"0";"0";"0";"0";"0";"0";"0";"0";"0";"0";"0";"0";"0";"0";"0";"0";"0";"0";"0";"0";"0";"0";"0";"0";"";"";"";"";"";"";"";"";"";"";"3"
"46501";"Handelshof";"13077062";"KL";"Kundenlistung";"09.04.2024";"01.01.2050";"07321011684137";"3540610001";"250 ZELLT.SERV.3LG 1/4F 24X24 WEISS";"";"Packung";"";"1 x 1 Packung";"Packung";"";" ";"KERZEN UND SERVIETTEN";"SERVIETTEN";"DUNI GMBH";"";"0";"0";"4002215000000";"168413";"1";"EUR";" ";"9.317";"9.317";"1";"2";"0";"0";"0";"0";"0";"0";"0";"0";"0";"0";"0";"0";"0";"0";"0";"0";"0";"0";"0";"0";"0";"0";"0";"0";"0";"0";"0";"0";"0";"0";"0";"0";"0";"0";"0";"0";"0";"0";"0";"0";"0";"0";"0";"0";"0";"0";"0";"0";"0";"0";"0";"0";"0";"0";"0";"0";"0";"0";"0";"0";"0";"";"";"";"";"";"";"";"";"";"";"3"
"46501";"Handelshof";"13077062";"KL";"Kundenlistung";"09.04.2024";"01.01.2050";"09120003412776";"1147440001";"250G  FILO  STRUDEL TEIG     TANTE FANNY";"";"Stück";"";"1 x 1 Stück";"Stück";"";" ";"CONVENIENCE";"TEIGWAREN";"Tante Fanny";"";"0";"0";"9120003410000";"05406 /TANTE";"1";"EUR";" ";"2.427";"2.427";"1";"1";"1";"0";"0";"0";"0";"0";"0";"0";"0";"0";"0";"0";"0";"0";"0";"0";"0";"0";"0";"0";"0";"0";"0";"0";"0";"0";"0";"0";"0";"0";"0";"0";"0";"0";"0";"0";"0";"0";"0";"0";"0";"0";"0";"0";"0";"0";"0";"0";"0";"0";"0";"0";"0";"0";"0";"0";"0";"0";"0";"0";"0";"332";"8.7";"5.6";"60";"2.2";"";"1";"Zutaten: WEIZENMEHL; Wasser; Glucosesirup; Sonnenblumenöl; Salz; Kartoffelstärke; Branntweinessig; Konservierungsstoff: Kaliumsorbat";"";"";"3"
"46501";"Handelshof";"13077062";"KL";"Kundenlistung";"09.04.2024";"01.01.2050";"04002724000997";"1145540001";"250G ALSAN-S REFORM MARGARINE";"";"Becher";"";"1 x 1 Becher";"Becher";"";" ";"FETTE / OELE / MARGARINE";"MARGARINE";"EDEKA RHEIN-RUHR";"";"0";"0";"4313705000005";"169827005";"1";"EUR";" ";"1.261";"1.261";"1";"1";"0";"0";"0";"0";"0";"0";"0";"0";"0";"0";"0";"0";"0";"0";"0";"0";"0";"0";"0";"0";"0";"0";"0";"0";"0";"0";"0";"0";"0";"0";"0";"0";"0";"0";"0";"0";"0";"0";"0";"0";"0";"0";"0";"0";"0";"0";"0";"0";"0";"0";"0";"0";"0";"0";"0";"0";"0";"0";"0";"0";"0";"720";"0.1";"80";"0.5";"0.1";"";"0.01";"Zutaten: Rapsöl, Kokosfett, Palmfett, Wasser, Emulgatoren (E471 + E472 c), natürliches Aroma, Säureregulator Citronensäure, DL-alpha-Tocopherylacetat (Vitamin E), Retinylpalmitat (Vitamin A), Farbstoff Carotin.";"DEUTSCHLAND, BUNDESREPUBLIK";"";"3"
"46501";"Handelshof";"13077062";"KL";"Kundenlistung";"09.04.2024";"01.01.2050";"04023300901101";"1977200001";"250G FL.BIENE   WILD BLUETENHONIG    LANG";"";"Spender";"";"1 x 1 Spender";"Spender";"";" ";"KONFITUEREN / HONIG / SIRUP";"HONIG";"Langnese";"";"0";"0";"4055500000001";"9011";"1";"EUR";" ";"2.957";"2.957";"1";"1";"0";"0";"0";"0";"0";"0";"0";"0";"0";"0";"0";"0";"0";"0";"0";"0";"0";"0";"0";"0";"0";"0";"0";"0";"0";"0";"0";"0";"0";"0";"0";"0";"0";"0";"0";"0";"0";"0";"0";"0";"0";"0";"0";"0";"0";"0";"0";"0";"0";"0";"0";"0";"0";"0";"0";"0";"0";"0";"0";"0";"0";"";"";"";"";"";"";"";"Zutaten: Honig";"";"";"3"
"46501";"Handelshof";"13077062";"KL";"Kundenlistung";"09.04.2024";"01.01.2050";"04000401300187";"2676220001";"250G KAISER NATRON";"";"Packung";"";"1 x 1 Packung";"Packung";"";" ";"KOSMETIK";"NAHRUNGSERGAENZUNGSMITTEL";"ARNOLD HOLSTE WWE.";"";"0";"0";"4000401000001";"5418389002";"1";"EUR";" ";"2.003";"2.003";"1";"1";"0";"0";"0";"0";"0";"0";"0";"0";"0";"0";"0";"0";"0";"0";"0";"0";"0";"0";"0";"0";"0";"0";"0";"0";"0";"0";"0";"0";"0";"0";"0";"0";"0";"0";"0";"0";"0";"0";"0";"0";"0";"0";"0";"0";"0";"0";"0";"0";"0";"0";"0";"0";"0";"0";"0";"0";"0";"0";"0";"0";"0";"0";"0";"0";"0";"0";"";"68.5";"Zutaten: Natriumhydrogencarbonat";"DEUTSCHLAND, BUNDESREPUBLIK";"";"3"
"46501";"Handelshof";"13077062";"KL";"Kundenlistung";"09.04.2024";"01.01.2050";"04027900618070";"2177520001";"250G LORBEERBLAETTER FU";"";"Packung";"";"1 x 1 Packung";"Packung";"";" ";"GEWUERZE";"GV-PACKUNGEN";"Fuchs";"";"0";"0";"4041974000005";"10161055";"1";"EUR";" ";"5.819";"5.819";"1";"1";"0";"0";"0";"0";"0";"0";"0";"0";"0";"0";"0";"0";"0";"0";"0";"0";"0";"0";"0";"0";"0";"0";"0";"0";"0";"0";"0";"0";"0";"0";"0";"0";"0";"0";"0";"0";"0";"0";"0";"0";"0";"0";"0";"0";"0";"0";"0";"0";"0";"0";"0";"0";"0";"0";"0";"0";"0";"0";"0";"0";"0";"353";"7.5";"8.5";"48.5";"48";"";"0.05";"Zutaten: Lorbeerblätter.";"";"";"3"
"46501";"Handelshof";"13077062";"KL";"Kundenlistung";"09.04.2024";"01.01.2050";"05410126726022";"2314160001";"250G LOTUS BISCOFF KARAMELGEBAECK";"";"Packung";"";"1 x 1 Packung";"Packung";"";" ";"GEBAECK / KNABBERARTIKEL";"RESTL. GEBAECK";"Lotus";"";"0";"0";"4399901585478";"72601/72602";"1";"EUR";" ";"1.261";"1.261";"1";"1";"0";"0";"0";"0";"0";"1";"0";"0";"0";"0";"0";"0";"0";"0";"1";"0";"0";"0";"0";"0";"0";"0";"0";"0";"0";"0";"0";"0";"0";"1";"0";"0";"0";"0";"0";"0";"0";"0";"0";"0";"0";"0";"0";"0";"0";"0";"0";"0";"0";"0";"0";"0";"0";"0";"0";"0";"0";"0";"0";"0";"0";"484";"4.9";"19";"72.6";"38.1";"";"0.92";"Zutaten: WEIZENmehl, Zucker, pflanzliche Öle (Palm, Raps), Kandissirup, Backtriebmittel (Natriumhydrogencarbonat), SOJAmehl, Salz, Zimt.";"";"";"3"
"46501";"Handelshof";"13077062";"KL";"Kundenlistung";"09.04.2024";"01.01.2050";"04000446001216";"2318870001";"250G MEST.GOURMET PUMPERNICKEL";"";"Packung";"";"1 x 1 Packung";"Packung";"";" ";"BROT / KUCHEN";"BROT";"MESTEMACHER";"";"0";"0";"4000446000004";"21";"1";"EUR";" ";"1.579";"1.579";"1";"1";"1";"0";"0";"0";"0";"1";"0";"0";"0";"0";"1";"0";"0";"0";"0";"1";"1";"0";"0";"0";"0";"0";"0";"0";"0";"0";"0";"0";"0";"1";"0";"0";"0";"0";"0";"0";"0";"0";"0";"0";"0";"0";"0";"0";"0";"0";"0";"0";"0";"0";"0";"0";"0";"0";"0";"0";"0";"0";"0";"0";"0";"209";"5.4";"2.4";"36.4";"6.4";"";"1.2";"Zutaten: ROGGENVOLLKORNSCHROT, Wasser, MALZEXTRAKT(GERSTE), Rübensirup, Salz, Hefe. Kann Spuren von SESAM und SOJA enthalten.";"";"";"3"
"46501";"Handelshof";"13077062";"KL";"Kundenlistung";"09.04.2024";"01.01.2050";"04008088230520";"1329230001";"250G PISTAZIENKERNE KLU";"";"Beutel";"";"1 x 1 Beutel";"Beutel";"";" ";"FEINK.-SPEZ./TROCK.FRUECHTE";"NUESSE";"Kluth";"";"0";"0";"4008088000000";"23052";"1";"EUR";" ";"24.369";"24.369";"1";"1";"0";"0";"0";"0";"0";"0";"0";"0";"0";"0";"0";"0";"0";"0";"0";"0";"0";"0";"0";"0";"0";"0";"0";"0";"0";"0";"1";"0";"0";"0";"0";"0";"0";"0";"0";"0";"0";"0";"0";"0";"0";"0";"0";"0";"0";"0";"0";"0";"0";"0";"0";"0";"0";"0";"0";"0";"0";"0";"0";"0";"0";"602";"17.6";"51.6";"11.5";"10";"";"0.1";"Zutaten: PISTAZIENKERNE In unserer Produktion werden auch andere Schalenfrüchte und Erdnüsse verarbeitet.";"";"";"3"
"46501";"Handelshof";"13077062";"KL";"Kundenlistung";"09.04.2024";"01.01.2050";"04008671045005";"1852990001";"250G PUDERZUCKER";"";"Packung";"";"1 x 1 Packung";"Packung";"";" ";"ZUCKER / SALZ";"ZUCKER";"Sweet Family";"";"0";"0";"4008671000004";"4520";"1";"EUR";" ";"0.519";"0.519";"1";"1";"0";"0";"0";"0";"0";"0";"0";"0";"0";"0";"0";"0";"0";"0";"0";"0";"0";"0";"0";"0";"0";"0";"0";"0";"0";"0";"0";"0";"0";"1";"0";"0";"0";"0";"0";"0";"0";"0";"0";"0";"0";"0";"0";"0";"0";"0";"0";"0";"0";"0";"0";"0";"0";"0";"0";"0";"0";"0";"0";"0";"0";"400";"0";"0";"100";"100";"";"0";"";"";"";"3"
"46501";"Handelshof";"13077062";"KL";"Kundenlistung";"09.04.2024";"01.01.2050";"04012200383803";"1333960001";"250ML BARBECUE SAUCE KUE";"";"Flasche";"";"1 x 1 Flasche";"Flasche";"";" ";"SENF / KETCHUP / MAYONNAISE";"FEINKOST SAUCEN (GRILLEN)";"Kühne";"";"0";"0";"4012200000007";"38380";"1";"EUR";" ";"1.473";"1.473";"1";"1";"0";"0";"0";"0";"0";"0";"0";"0";"0";"0";"0";"0";"0";"0";"0";"0";"0";"0";"0";"0";"0";"0";"0";"0";"0";"0";"0";"0";"0";"0";"0";"0";"0";"0";"0";"0";"0";"0";"0";"0";"0";"0";"0";"0";"0";"0";"0";"0";"0";"0";"0";"0";"0";"0";"0";"0";"0";"0";"0";"0";"0";"129";"0.9";"0.1";"30";"25";"";"2.6";"Zutaten: Tomatenmark (45%), Glukose-Fruktose-Sirup, Wasser, Branntweinessig, modifizierte Stärke, Salz, Farbstoff Zuckercouleur, Raucharoma, Gewürze, Bratzwiebelextrakt";"";"";"3"
"46501";"Handelshof";"13077062";"KL";"Kundenlistung";"09.04.2024";"01.01.2050";"04104420021013";"1370070001";"250ML BIO AHORNSIRUP GRAD A          ALN";"";"Flasche";"";"1 x 1 Flasche";"Flasche";"";" ";"PUDDING/SAUCEN/BACKZUTATEN";"BIO";"Alnatura Produktions";"";"0";"0";"4104420000001";"2972458007";"1";"EUR";" ";"5.077";"5.077";"1";"1";"0";"0";"0";"0";"0";"0";"0";"0";"0";"0";"0";"0";"0";"0";"0";"0";"0";"0";"0";"0";"0";"0";"0";"0";"0";"0";"0";"0";"0";"0";"0";"0";"0";"0";"0";"0";"0";"0";"0";"0";"0";"0";"0";"0";"0";"0";"0";"0";"0";"0";"0";"0";"0";"0";"0";"0";"0";"0";"0";"0";"0";"269";"0.5";"0.5";"67";"66";"";"0.01";"";"KANADA";"";"3"
"46501";"Handelshof";"13077062";"KL";"Kundenlistung";"09.04.2024";"01.01.2050";"00000040804835";"1339350001";"250ML HOT CHILI SAUCE            KUE";"";"Flasche";"";"1 x 1 Flasche";"Flasche";"";" ";"SENF / KETCHUP / MAYONNAISE";"FEINKOST SAUCEN (GRILLEN)";"Kühne";"";"0";"0";"4012200000007";"38640";"1";"EUR";" ";"1.473";"1.473";"1";"1";"0";"0";"0";"0";"0";"0";"0";"0";"0";"0";"0";"0";"0";"0";"0";"0";"0";"0";"0";"0";"0";"0";"0";"0";"0";"0";"0";"0";"0";"0";"0";"0";"0";"0";"0";"0";"0";"0";"0";"0";"0";"0";"0";"0";"0";"0";"0";"0";"0";"0";"0";"0";"0";"0";"0";"0";"0";"0";"0";"0";"0";"96";"1.4";"0.2";"21";"16";"";"2.4";"Zutaten: Tomatenmark, Glukose-Fruktose-Sirup, Branntweinessig, Zwiebeln, Paprika, modifizierte Stärke, Salz, roter Jalapeno Chili (1%), Petersilie, Gewürze, Guajillo Chili (0,3%), Säuerungsmittel Milchsäure, Verdickungsmittel Xanthan";"";"";"3"
"46501";"Handelshof";"13077062";"KL";"Kundenlistung";"09.04.2024";"01.01.2050";"00000040737782";"1362370001";"250ML ROTWEINESSIG EXQUISIT         KUE";"";"Flasche";"";"1 x 1 Flasche";"Flasche";"";" ";"ESSIG / ZITRONENSAFT";"ESSIG SPEZIALITAETEN";"Kühne";"";"0";"0";"4012200000007";"16270";"1";"EUR";" ";"1.791";"1.791";"1";"1";"0";"0";"0";"0";"0";"0";"0";"0";"0";"0";"0";"1";"0";"0";"0";"0";"0";"0";"0";"0";"0";"0";"0";"0";"0";"0";"0";"0";"0";"0";"0";"0";"0";"0";"0";"0";"0";"0";"0";"0";"0";"0";"0";"0";"0";"0";"0";"0";"0";"0";"0";"0";"0";"0";"0";"0";"0";"0";"0";"0";"0";"28";"0.2";"0.1";"1.2";"0.1";"";"0";"Zutaten: Rotweinessig, Antioxidationsmittel KALIUMMETABISULFIT";"";"";"3"
"46501";"Handelshof";"13077062";"KL";"Kundenlistung";"09.04.2024";"01.01.2050";"09120003412240";"1154720001";"260G FLAMMKUCHENTEIG TANTE FANNY";"";"Packung";"";"1 x 1 Packung";"Packung";"";" ";"CONVENIENCE";"TEIGWAREN";"Tante Fanny";"";"0";"0";"9120003410000";"05439 /TANTE";"1";"EUR";" ";"1.897";"1.897";"1";"1";"1";"0";"0";"0";"0";"0";"1";"0";"0";"0";"0";"0";"0";"0";"0";"0";"0";"0";"0";"0";"0";"0";"0";"0";"0";"0";"0";"0";"0";"0";"0";"0";"0";"0";"0";"0";"0";"0";"0";"0";"0";"0";"0";"0";"0";"0";"0";"0";"0";"0";"0";"0";"0";"0";"0";"0";"0";"0";"0";"0";"0";"254";"7.8";"4";"46";"0.9";"";"2.2";"Zutaten: WEIZENMEHL, Trinkwasser, pflanzliches Fett (Palm) und pflanzliches Öl (Raps), Speisesalz; Ethylalkohol; WEIZENSTÄRKE; Backtriebmittel: Dinatriumdiphosphat, Natriumhydrogencarbonat; Emulgator: Mono- und Diacetylweinsäureester von Mono- und Diglyceriden von Speisefettsäuren; Lecithin; LAKTOSE; MAGERMILCHPULVER; Säuerungsmittel: Citronensäure, Verdickungsmittel: Guarkernmehl; Hefe.; Antioxidationsmittel: Ascorbinsäure";"";"";"3"
"46501";"Handelshof";"13077062";"KL";"Kundenlistung";"09.04.2024";"01.01.2050";"07300400124195";"2300180001";"260G WASA VOLLKORN";"";"Packung";"";"1 x 1 Packung";"Packung";"";" ";"BROT / KUCHEN";"KNAECKE";"Wasa";"";"0";"0";"4012187000014";"1000070337";"1";"EUR";" ";"2.427";"2.427";"1";"1";"1";"0";"0";"0";"0";"0";"0";"0";"0";"0";"0";"0";"0";"0";"0";"1";"0";"0";"0";"0";"0";"0";"0";"0";"0";"0";"0";"0";"0";"0";"0";"0";"0";"0";"0";"0";"0";"0";"0";"0";"0";"0";"0";"0";"0";"0";"0";"0";"0";"0";"0";"0";"0";"0";"0";"0";"0";"0";"0";"0";"0";"334";"9";"2";"60";"1.5";"";"1";"Zutaten: ROGGENVOLLKORNMEHL, Hefe, Salz. DIE HERVORGEHOBENEN ZUTATEN KÖNNEN BEI PERSONEN MIT ALLERGIEN UND UNVERTRÄGLICHKEITEN REAKTIONEN VERURSACHEN.";"";"";"3"
"46501";"Handelshof";"13077062";"KL";"Kundenlistung";"09.04.2024";"01.01.2050";"05410046910020";"2207100001";"2650ML APFELKOMPOTT CONFILUX";"";"Dose";"";"1 x 1 Dose";"Dose";"";" ";"GEMUESE- / OBSTKONSERVEN";"OBST-KONSERVEN GV";"Confilux";"";"0";"0";"4008122000003";"101175";"1";"EUR";" ";"7.409";"7.409";"1";"1";"0";"0";"0";"0";"0";"0";"0";"0";"0";"0";"0";"0";"0";"0";"0";"0";"0";"0";"0";"0";"0";"0";"0";"0";"0";"0";"0";"0";"0";"0";"0";"0";"1";"0";"0";"0";"0";"0";"0";"0";"0";"0";"0";"0";"0";"0";"0";"0";"0";"0";"0";"0";"0";"0";"0";"0";"0";"0";"0";"0";"0";"82";"0.5";"0.5";"18";"16";"";"0.01";"Zutaten: Äpfel (85%), Zucker, Glucose-Fruktose-Sirup, Säuerungsmittel: Citronensäure, Antioxidationsmittel: Ascorbinsäure.";"";"";"3"
"46501";"Handelshof";"13077062";"KL";"Kundenlistung";"09.04.2024";"01.01.2050";"04311596617753";"2210400001";"2650ML BIRNEN 1/2 FRUCHT L.GEZUCK. EFS";"";"Dose";"";"1 x 1 Dose";"Dose";"";" ";"GEMUESE- / OBSTKONSERVEN";"OBST-KONSERVEN GV";"EDEKA EINKAUFSKONTOR";"";"0";"0";"4311502990109";"4258773000";"1";"EUR";" ";"7.939";"7.939";"1";"1";"0";"0";"0";"0";"0";"0";"0";"0";"0";"0";"0";"0";"0";"0";"0";"0";"0";"0";"0";"0";"0";"0";"0";"0";"0";"0";"0";"0";"0";"0";"0";"0";"0";"0";"0";"0";"0";"0";"0";"0";"0";"0";"0";"0";"0";"0";"0";"0";"0";"0";"0";"0";"0";"0";"0";"0";"0";"0";"0";"0";"0";"";"";"";"";"";"";"";"";"";"";"3"
"46501";"Handelshof";"13077062";"KL";"Kundenlistung";"09.04.2024";"01.01.2050";"00000040804620";"2252700001";"2650ML CORNICHONS KUE";"";"Glas";"";"1 x 1 Glas";"Glas";"";" ";"SAUERKONSERVEN";"GURKEN GV";"Kühne";"";"0";"0";"4012200000007";"40350";"1";"EUR";" ";"12.391";"12.391";"1";"1";"0";"0";"0";"0";"0";"0";"0";"0";"0";"1";"0";"0";"0";"0";"0";"0";"0";"0";"0";"0";"0";"0";"0";"0";"0";"0";"0";"0";"0";"0";"0";"0";"0";"0";"0";"0";"0";"0";"0";"0";"0";"0";"0";"0";"0";"0";"0";"0";"0";"0";"0";"0";"0";"0";"0";"0";"0";"0";"0";"0";"0";"33";"1.4";"0.2";"5.1";"4.6";"";"1.8";"Zutaten: Gurken, Branntweinessig, Glukose-Fruktose-Sirup, Dill, Zwiebeln, SENFSAAT, Salz, Zucker, natürliches Aroma";"";"";"3"
"46501";"Handelshof";"13077062";"KL";"Kundenlistung";"09.04.2024";"01.01.2050";"00000040804668";"2252400001";"2650ML GEWUERZGURKEN KUE";"";"Glas";"";"1 x 1 Glas";"Glas";"";" ";"SAUERKONSERVEN";"GURKEN GV";"Kühne";"";"0";"0";"4012200000007";"40250";"1";"EUR";" ";"7.939";"7.939";"1";"1";"0";"0";"0";"0";"0";"0";"0";"0";"0";"1";"0";"0";"0";"0";"0";"0";"0";"0";"0";"0";"0";"0";"0";"0";"0";"0";"0";"0";"0";"0";"0";"0";"0";"0";"0";"0";"0";"0";"0";"0";"0";"0";"0";"0";"0";"0";"0";"0";"0";"0";"0";"0";"0";"0";"0";"0";"0";"0";"0";"0";"0";"30";"0.9";"0.2";"4.9";"4.7";"";"1.6";"Zutaten: Gurken, Branntweinessig, Glukose-Fruktose-Sirup, Dill, Paprika, Zwiebeln, SENFSAAT, Salz, Zucker, natürliches Aroma";"";"";"3"
"46501";"Handelshof";"13077062";"KL";"Kundenlistung";"09.04.2024";"01.01.2050";"00000040804446";"2254100001";"2650ML MIXED PICKLES KUE";"";"Glas";"";"1 x 1 Glas";"Glas";"";" ";"SAUERKONSERVEN";"SAUERKONSERVEN GV";"Kühne";"";"0";"0";"4012200000007";"42050";"1";"EUR";" ";"12.709";"12.709";"1";"1";"0";"0";"0";"0";"0";"0";"0";"0";"0";"0";"0";"0";"0";"0";"0";"0";"0";"0";"0";"0";"0";"0";"0";"0";"0";"0";"0";"0";"0";"0";"0";"0";"0";"0";"0";"0";"0";"0";"0";"0";"0";"0";"0";"0";"0";"0";"0";"0";"0";"0";"0";"0";"0";"0";"0";"0";"0";"0";"0";"0";"0";"36";"1";"0.3";"6";"3.7";"";"1.2";"Zutaten:Gemüse in veränderlichen Gewichtsanteilen (Gurken, Blumenkohl, Zwiebeln, Paprika, Karotten, Maiskölbchen), Branntweinessig, Glukose-Fruktose-Sirup, Salz, Zucker, natürliches Aroma";"";"";"3"
"46501";"Handelshof";"13077062";"KL";"Kundenlistung";"09.04.2024";"01.01.2050";"04003735770329";"2223230001";"2650ML PIZZATOMATEN ADR";"";"Dose";"";"1 x 1 Dose";"Dose";"";" ";"GEMUESE- / OBSTKONSERVEN";"TOMATENKONSERVEN GV";"ADRIA";"";"0";"0";"4003735000006";"42PUL1106ADR0";"1";"EUR";" ";"4.759";"4.759";"1";"1";"0";"0";"0";"0";"0";"0";"0";"0";"0";"0";"0";"0";"0";"0";"0";"0";"0";"0";"0";"0";"0";"0";"0";"0";"0";"0";"0";"0";"0";"0";"0";"0";"0";"0";"0";"0";"0";"0";"0";"0";"0";"0";"0";"0";"0";"0";"0";"0";"0";"0";"0";"0";"0";"0";"0";"0";"0";"0";"0";"0";"0";"26";"1.3";"0.5";"4.6";"3.9";"";"0.05";"Zutaten: Tomaten, Tomatensaft, Säuerungsmittel: Citronensäure E330";"";"";"3"
"46501";"Handelshof";"13077062";"KL";"Kundenlistung";"09.04.2024";"01.01.2050";"00000040804200";"2254800001";"2650ML SELLERIE/ STREIFEN         KUE";"";"Glas";"";"1 x 1 Glas";"Glas";"";" ";"SAUERKONSERVEN";"SAUERKONSERVEN GV";"Kühne";"";"0";"0";"4012200000007";"44120";"1";"EUR";" ";"8.999";"8.999";"1";"1";"0";"0";"0";"0";"0";"0";"0";"0";"1";"0";"0";"0";"0";"0";"0";"0";"0";"0";"0";"0";"0";"0";"0";"0";"0";"0";"0";"0";"0";"0";"0";"0";"0";"0";"0";"0";"0";"0";"0";"0";"0";"0";"0";"0";"0";"0";"0";"0";"0";"0";"0";"0";"0";"0";"0";"0";"0";"0";"0";"0";"0";"42";"0.7";"0.2";"7";"5.7";"";"1.3";"Zutaten: SELLERIE, Branntweinessig, Glukose-Fruktose-Sirup, Zucker, Salz, Antioxidationsmittel Ascorbinsäure und Citronensäure, natürliches SELLERIEAROMA";"";"";"3"
"46501";"Handelshof";"13077062";"KL";"Kundenlistung";"09.04.2024";"01.01.2050";"00000040804712";"2253800001";"2650ML SILBERZWIEBEL KUE";"";"Glas";"";"1 x 1 Glas";"Glas";"";" ";"SAUERKONSERVEN";"SAUERKONSERVEN GV";"Kühne";"";"0";"0";"4012200000007";"41050";"1";"EUR";" ";"8.999";"8.999";"1";"1";"0";"0";"0";"0";"0";"0";"0";"0";"0";"0";"0";"1";"0";"0";"0";"0";"0";"0";"0";"0";"0";"0";"0";"0";"0";"0";"0";"0";"0";"0";"0";"0";"0";"0";"0";"0";"0";"0";"0";"0";"0";"0";"0";"0";"0";"0";"0";"0";"0";"0";"0";"0";"0";"0";"0";"0";"0";"0";"0";"0";"0";"37";"0.8";"0.1";"6.5";"6.2";"";"1.7";"Zutaten: Silberzwiebeln, Branntweinessig, Glukose-Fruktose-Sirup, Salz, Zucker, Antioxidationsmittel Ascorbinsäure, Citronensäure und NATRIUMMETABISULFIT, natürliches Aroma";"";"";"3"
"46501";"Handelshof";"13077062";"KL";"Kundenlistung";"09.04.2024";"01.01.2050";"04311596606795";"1961820001";"3KG APRIKOSEN KONFI. EXTRA       EFS PREM";"";"Eimer";"";"1 x 1 Eimer";"Eimer";"";" ";"KONFITUEREN / HONIG / SIRUP";"KONFITUERE GV";"MUEHLHAEUSER GMBH";"";"0";"0";"4047503000003";"F03641";"1";"EUR";" ";"10.589";"10.589";"1";"1";"0";"0";"0";"0";"0";"0";"0";"0";"0";"0";"0";"0";"0";"0";"0";"0";"0";"0";"0";"0";"0";"0";"0";"0";"0";"0";"0";"0";"0";"0";"0";"0";"0";"0";"0";"0";"0";"0";"0";"0";"0";"0";"0";"0";"0";"0";"0";"0";"0";"0";"0";"0";"0";"0";"0";"0";"0";"0";"0";"0";"0";"";"";"";"";"";"";"";"";"";"";"3"
"46501";"Handelshof";"13077062";"KL";"Kundenlistung";"09.04.2024";"01.01.2050";"04311596606818";"1961940001";"3KG ERDBEER KONFI. EXTRA       EFS PREM";"";"Eimer";"";"1 x 1 Eimer";"Eimer";"";" ";"KONFITUEREN / HONIG / SIRUP";"KONFITUERE GV";"MUEHLHAEUSER GMBH";"";"0";"0";"4047503000003";"F03640";"1";"EUR";" ";"12.709";"12.709";"1";"1";"0";"0";"0";"0";"0";"0";"0";"0";"0";"0";"0";"0";"0";"0";"0";"0";"0";"0";"0";"0";"0";"0";"0";"0";"0";"0";"0";"0";"0";"0";"0";"0";"0";"0";"0";"0";"0";"0";"0";"0";"0";"0";"0";"0";"0";"0";"0";"0";"0";"0";"0";"0";"0";"0";"0";"0";"0";"0";"0";"0";"0";"233";"0.5";"0.5";"57";"57";"";"0.01";"Zutaten: Aprikosen, Glukose-Fruktose-Sirup, Zucker, Säuerungsmittel Citronensäure, Geliermittel Pektin.";"";"";"3"
"46501";"Handelshof";"13077062";"KL";"Kundenlistung";"09.04.2024";"01.01.2050";"04311596606955";"1960300001";"3KG PFLAUMENMUS EFS PREM";"";"Eimer";"";"1 x 1 Eimer";"Eimer";"";" ";"KONFITUEREN / HONIG / SIRUP";"KONFITUERE GV";"MUEHLHAEUSER GMBH";"";"0";"0";"4047503000003";"3976693003";"1";"EUR";" ";"12.709";"12.709";"1";"1";"0";"0";"0";"0";"0";"0";"0";"0";"0";"0";"0";"0";"0";"0";"0";"0";"0";"0";"0";"0";"0";"0";"0";"0";"0";"0";"0";"0";"0";"0";"0";"0";"0";"0";"0";"0";"0";"0";"0";"0";"0";"0";"0";"0";"0";"0";"0";"0";"0";"0";"0";"0";"0";"0";"0";"0";"0";"0";"0";"0";"0";"";"";"";"";"";"";"";"";"";"";"3"
"46501";"Handelshof";"13077062";"KL";"Kundenlistung";"09.04.2024";"01.01.2050";"04311596430987";"1961950001";"3KG SAUERKIRSCH KONF.EXTRA  EFS PREM";"";"Eimer";"";"1 x 1 Eimer";"Eimer";"";" ";"KONFITUEREN / HONIG / SIRUP";"KONFITUERE GV";"MUEHLHAEUSER GMBH";"";"0";"0";"4047503000003";"F03642";"1";"EUR";" ";"12.709";"12.709";"1";"1";"0";"0";"0";"0";"0";"0";"0";"0";"0";"0";"0";"0";"0";"0";"0";"0";"0";"0";"0";"0";"0";"0";"0";"0";"0";"0";"0";"0";"0";"0";"0";"0";"0";"0";"0";"0";"0";"0";"0";"0";"0";"0";"0";"0";"0";"0";"0";"0";"0";"0";"0";"0";"0";"0";"0";"0";"0";"0";"0";"0";"0";"240";"0.5";"0.5";"58";"58";"";"0.02";"Zutaten: Erdbeeren, Glukose-Fruktose-Sirup, Zucker, Säuerungsmittel Citronensäure, Geliermittel Pektin.";"";"";"3"
"46501";"Handelshof";"13077062";"KL";"Kundenlistung";"09.04.2024";"01.01.2050";"04004860105093";"1259280001";"3KG/140G HAEHNCH.BR. FILET NATUR   SPREHE";"";"Karton";"";"1 x 1 Karton";"Karton";"";" ";"TK GEFLUEGEL";"HAEHNCHENTEILE GV";"Sprehe";"";"0";"0";"4004860000008";"1140";"1";"EUR";" ";"29.627";"29.627";"1";"1";"0";"0";"0";"0";"0";"0";"0";"0";"0";"0";"0";"0";"0";"0";"0";"0";"0";"0";"0";"0";"0";"0";"0";"0";"0";"0";"0";"0";"0";"1";"0";"0";"0";"0";"0";"0";"0";"0";"0";"0";"0";"0";"0";"0";"0";"0";"0";"0";"0";"0";"0";"0";"0";"0";"0";"0";"0";"0";"0";"0";"0";"95";"20";"1.4";"0.7";"0.5";"";"1.25";"Zutaten: Hähnchenbrustfilet 92%, Wasser, Speisesalz, Glukosesirup, Würze und Gewürze";"";"";"3"
"46501";"Handelshof";"13077062";"KL";"Kundenlistung";"09.04.2024";"01.01.2050";"07321011786473";"8925830001";"300 ZELLT.SERV.2LG 1/4F 24X24 ECOECHO";"";"Stück";"";"1 x 1 Stück";"Stück";"";" ";"KERZEN UND SERVIETTEN";"SERVIETTEN";"DUNI GMBH";"";"0";"0";"4002215000000";"178647";"1";"EUR";" ";"7.939";"7.939";"1";"2";"0";"0";"0";"0";"0";"0";"0";"0";"0";"0";"0";"0";"0";"0";"0";"0";"0";"0";"0";"0";"0";"0";"0";"0";"0";"0";"0";"0";"0";"0";"0";"0";"0";"0";"0";"0";"0";"0";"0";"0";"0";"0";"0";"0";"0";"0";"0";"0";"0";"0";"0";"0";"0";"0";"0";"0";"0";"0";"0";"0";"0";"";"";"";"";"";"";"";"";"";"";"3"
"46501";"Handelshof";"13077062";"KL";"Kundenlistung";"09.04.2024";"01.01.2050";"04012200038215";"1364480001";"3100ML ROTE GRUETZE GARTENFRUCHT     KUE";"";"Dose";"";"1 x 1 Dose";"Dose";"";" ";"FEINK.-SPEZ./TROCK.FRUECHTE";"SPEZ.DESSERT/MILCHR.";"Kühne";"";"0";"0";"4012200000007";"38210";"1";"EUR";" ";"21.189";"21.189";"1";"1";"0";"0";"0";"0";"0";"0";"0";"0";"0";"0";"0";"0";"0";"0";"0";"0";"0";"0";"0";"0";"0";"0";"0";"0";"0";"0";"0";"0";"0";"0";"0";"0";"0";"0";"0";"0";"0";"0";"0";"0";"0";"0";"0";"0";"0";"0";"0";"0";"0";"0";"0";"0";"0";"0";"0";"0";"0";"0";"0";"0";"0";"103";"0.7";"0.2";"23";"18";"";"0";"Zutaten: 50% Früchte (Kirschen, schwarze Johannisbeeren, rote Johannisbeeren, Himbeeren), Wasser, Glukose-Fruktose Sirup, Zucker, modifizierte Stärke, Verdickungsmittel Johannisbrotkernmehl und Xanthan, Säuerungsmittel Citronensäure";"";"";"3"
"46501";"Handelshof";"13077062";"KL";"Kundenlistung";"09.04.2024";"01.01.2050";"04073400535300";"1354730001";"335G SCHOKOLADEN SAUCE            CUL";"";"Flasche";"";"1 x 1 Flasche";"Flasche";"";" ";"FEINK.-SPEZ./TROCK.FRUECHTE";"SPEZ.DESSERT/MILCHR.";"Culinaria";"";"0";"0";"4073400000006";"53530";"1";"EUR";" ";"3.169";"3.169";"1";"1";"0";"0";"0";"0";"0";"0";"1";"0";"0";"0";"0";"0";"0";"0";"0";"0";"0";"0";"0";"0";"0";"0";"0";"0";"0";"0";"0";"0";"0";"0";"0";"0";"0";"0";"0";"0";"0";"0";"0";"0";"0";"0";"0";"0";"0";"0";"0";"0";"0";"0";"0";"0";"0";"0";"0";"0";"0";"0";"0";"0";"0";"286";"2.5";"1.8";"64.6";"44.5";"";"0.03";"Zutaten: Zucker, Glucosesirup, Wassser,fettarmes Kakaopulver, KONDENSMILCH, Kuvertüre( Rohrohrzucker, Kakaomasse, Kakaobutter).";"";"";"3"
"46501";"Handelshof";"13077062";"KL";"Kundenlistung";"09.04.2024";"01.01.2050";"04028700410000";"1969860001";"350G BIO AGAVEN- DICKSAFT SPENDER IMM";"";"Spender";"";"1 x 1 Spender";"Spender";"";" ";"KONFITUEREN / HONIG / SIRUP";"BIO";"Immenhof";"";"0";"0";"4028700000003";"41000";"1";"EUR";" ";"1.99";"1.99";"1";"1";"0";"0";"0";"0";"0";"0";"0";"0";"0";"0";"0";"0";"0";"0";"0";"0";"0";"0";"0";"0";"0";"0";"0";"0";"0";"0";"0";"0";"0";"1";"0";"0";"0";"0";"0";"0";"0";"0";"0";"0";"0";"0";"0";"0";"0";"0";"0";"0";"0";"0";"0";"0";"0";"0";"0";"0";"0";"0";"0";"0";"0";"304";"0.5";"0";"76";"74";"";"0.1";"Zutaten: Agavendicksaft";"";"";"3"
"46501";"Handelshof";"13077062";"KL";"Kundenlistung";"09.04.2024";"01.01.2050";"04028700410208";"1972570001";"350G BIO-REIS-SUESSE SPENDER         IMM";"";"Spender";"";"1 x 1 Spender";"Spender";"";" ";"KONFITUEREN / HONIG / SIRUP";"BIO";"Immenhof";"";"0";"0";"4028700000003";"41020";"1";"EUR";" ";"3.169";"3.169";"1";"1";"0";"0";"0";"0";"0";"0";"0";"0";"0";"0";"0";"0";"0";"0";"0";"0";"0";"0";"0";"0";"0";"0";"0";"0";"0";"0";"0";"0";"0";"1";"0";"0";"0";"0";"0";"0";"0";"0";"0";"0";"0";"0";"0";"0";"0";"0";"0";"0";"0";"0";"0";"0";"0";"0";"0";"0";"0";"0";"0";"0";"0";"313";"0.5";"0.5";"78";"68";"";"0";"Zutaten: Bio Reis (93%), Wasser";"";"";"3"
"46501";"Handelshof";"13077062";"KL";"Kundenlistung";"09.04.2024";"01.01.2050";"04041974031436";"2165130001";"350G CHILIFLOCKEN OHNE KERNE        UB";"";"Dose";"";"1 x 1 Dose";"Dose";"";" ";"GEWUERZE";"HOTEL DOSEN";"Ubena";"";"0";"0";"4041974000005";"11003174";"1";"EUR";" ";"11.649";"11.649";"1";"1";"0";"0";"0";"0";"0";"0";"0";"0";"0";"0";"0";"0";"0";"0";"0";"0";"0";"0";"0";"0";"0";"0";"0";"0";"0";"0";"0";"0";"0";"0";"0";"0";"0";"0";"0";"0";"0";"0";"0";"0";"0";"0";"0";"0";"0";"0";"0";"0";"0";"0";"0";"0";"0";"0";"0";"0";"0";"0";"0";"0";"0";"379";"12";"17";"32";"30.4";"";"0.08";"Zutaten: Chilliflocken.";"";"";"3"
"46501";"Handelshof";"13077062";"KL";"Kundenlistung";"09.04.2024";"01.01.2050";"08445291238701";"2598530001";"350G NESQUIK ORIGIN. NACHFUELLBEUTEL";"";"Beutel";"";"1 x 1 Beutel";"Beutel";"";" ";"KAKAO";"KAKAOHALTIGE GETRAENKE";"NESTLE KAFFEE & SCHO";"";"0";"0";"4005504000002";"12584642";"1";"EUR";" ";"2.639";"2.639";"1";"1";"0";"0";"0";"0";"0";"0";"0";"0";"0";"0";"0";"0";"0";"0";"0";"0";"0";"0";"0";"0";"0";"0";"0";"0";"0";"0";"0";"0";"0";"0";"0";"0";"0";"0";"0";"0";"0";"0";"0";"0";"0";"0";"0";"0";"0";"0";"0";"0";"0";"0";"0";"0";"0";"0";"0";"0";"0";"0";"0";"0";"0";"72";"3.6";"1.8";"9.7";"9.6";"";"0.14";"Zutaten: Zucker, 23% fettarmer Kakao*, Emulgator Lecithine (SOJA), Salz, natürliches Aroma, Zimt. *Rainforest Alliance-zertifiziert";"FRANKREICH";"";"3"
"46501";"Handelshof";"13077062";"KL";"Kundenlistung";"09.04.2024";"01.01.2050";"08719200063259";"1487720001";"3,7L PHASE PROFESS. BUTTER FLAVOUR FL.";"";"Kanister";"";"1 x 1 Kanister";"Kanister";"";" ";"FETTE / OELE / MARGARINE";"KOCH- U. BACKFETTE GV";"UPFIELD DEUTSCHLAND";"";"0";"0";"8719200069657";"63266";"1";"EUR";" ";"21.189";"21.189";"1";"1";"0";"0";"0";"0";"0";"0";"0";"0";"0";"0";"0";"0";"0";"0";"0";"0";"0";"0";"0";"0";"0";"0";"0";"0";"0";"0";"0";"0";"0";"0";"0";"0";"0";"0";"0";"0";"0";"0";"0";"0";"0";"0";"0";"0";"0";"0";"0";"0";"0";"0";"0";"0";"0";"0";"0";"0";"0";"0";"0";"0";"0";"807";"0.5";"91";"0.5";"0.5";"";"0.72";"Zutaten: 99% Pflanzliche Öle (Sonnenblumen, Raps ganz gehärtet), Speisesalz (0,7 %), Emulgator (Lecithine), natürliches Aroma, Farbstoff (Carotin). Sonnenblumen.";"NIEDERLANDE";"";"3"
"46501";"Handelshof";"13077062";"KL";"Kundenlistung";"09.04.2024";"01.01.2050";"00000040804613";"2252800001";"370ML CORNICHONS KUE";"";"Glas";"";"1 x 1 Glas";"Glas";"";" ";"SAUERKONSERVEN";"GURKEN";"Kühne";"";"0";"0";"4012200000007";"40510";"1";"EUR";" ";"2.427";"2.427";"1";"1";"0";"0";"0";"0";"0";"0";"0";"0";"0";"1";"0";"0";"0";"0";"0";"0";"0";"0";"0";"0";"0";"0";"0";"0";"0";"0";"0";"0";"0";"0";"0";"0";"0";"0";"0";"0";"0";"0";"0";"0";"0";"0";"0";"0";"0";"0";"0";"0";"0";"0";"0";"0";"0";"0";"0";"0";"0";"0";"0";"0";"0";"33";"1.4";"0.2";"5.1";"4.6";"";"1.8";"Zutaten: Gurken, Branntweinessig, Glukose-Fruktose-Sirup, Dill, Zwiebeln, SENFSAAT, Salz, Zucker, natürliches Aroma";"";"";"3"
"46501";"Handelshof";"13077062";"KL";"Kundenlistung";"09.04.2024";"01.01.2050";"00000040804644";"2252600001";"370ML GEWUERZGURKEN KUE";"";"Glas";"";"1 x 1 Glas";"Glas";"";" ";"SAUERKONSERVEN";"GURKEN";"Kühne";"";"0";"0";"4012200000007";"40290";"1";"EUR";" ";"2.427";"2.427";"1";"1";"0";"0";"0";"0";"0";"0";"0";"0";"0";"1";"0";"0";"0";"0";"0";"0";"0";"0";"0";"0";"0";"0";"0";"0";"0";"0";"0";"0";"0";"0";"0";"0";"0";"0";"0";"0";"0";"0";"0";"0";"0";"0";"0";"0";"0";"0";"0";"0";"0";"0";"0";"0";"0";"0";"0";"0";"0";"0";"0";"0";"0";"30";"0.9";"0.2";"4.9";"4.7";"";"1.6";"Zutaten: Gurken, Wasser, Branntweinessig, Zucker, Salz, Dill, Zwiebeln, Paprika, SENFSAAT, natürliches Aroma";"";"";"3"
"46501";"Handelshof";"13077062";"KL";"Kundenlistung";"09.04.2024";"01.01.2050";"00000040804439";"2254200001";"370ML MIXED PICKLES KUE";"";"Glas";"";"1 x 1 Glas";"Glas";"";" ";"SAUERKONSERVEN";"SAUERKONSERVEN";"Kühne";"";"0";"0";"4012200000007";"42020";"1";"EUR";" ";"2.427";"2.427";"1";"1";"0";"0";"0";"0";"0";"0";"0";"0";"0";"0";"0";"0";"0";"0";"0";"0";"0";"0";"0";"0";"0";"0";"0";"0";"0";"0";"0";"0";"0";"0";"0";"0";"0";"0";"0";"0";"0";"0";"0";"0";"0";"0";"0";"0";"0";"0";"0";"0";"0";"0";"0";"0";"0";"0";"0";"0";"0";"0";"0";"0";"0";"36";"1";"0.3";"6";"3.7";"";"1.2";"Zutaten: Gemüse in veränderlichen Gewichtsanteilen (Gurken, Blumenkohl, Zwiebeln, Paprika, Karotten, Maiskölbchen), Branntweinessig, Glukose-Fruktose-Sirup, Salz, Zucker, natürliches Aroma";"";"";"3"
"46501";"Handelshof";"13077062";"KL";"Kundenlistung";"09.04.2024";"01.01.2050";"00000040804255";"2255100001";"370ML PUSZTASALAT KUE";"";"Glas";"";"1 x 1 Glas";"Glas";"";" ";"SAUERKONSERVEN";"SAUERKONSERVEN";"Kühne";"";"0";"0";"4012200000007";"44290";"1";"EUR";" ";"2.427";"2.427";"1";"1";"0";"0";"0";"0";"0";"0";"0";"0";"1";"0";"0";"0";"0";"0";"0";"0";"0";"0";"0";"0";"0";"0";"0";"0";"0";"0";"0";"0";"0";"0";"0";"0";"0";"0";"0";"0";"0";"0";"0";"0";"0";"0";"0";"0";"0";"0";"0";"0";"0";"0";"0";"0";"0";"0";"0";"0";"0";"0";"0";"0";"0";"39";"0.7";"0.1";"8";"6.4";"";"1.2";"Zutaten: Gurken, Paprika, Zwiebeln, Branntweinessig, Karotten, Glukose-Fruktose-Sirup, SELLERIE, Zucker, Weißweinessig (1%), Salz, natürliches Aroma";"";"";"3"
"46501";"Handelshof";"13077062";"KL";"Kundenlistung";"09.04.2024";"01.01.2050";"00000040804309";"2254500001";"370ML ROTE BETE KUE";"";"Glas";"";"1 x 1 Glas";"Glas";"";" ";"SAUERKONSERVEN";"SAUERKONSERVEN";"Kühne";"";"0";"0";"4012200000007";"43160";"1";"EUR";" ";"1.685";"1.685";"1";"1";"0";"0";"0";"0";"0";"0";"0";"0";"0";"0";"0";"0";"0";"0";"0";"0";"0";"0";"0";"0";"0";"0";"0";"0";"0";"0";"0";"0";"0";"0";"0";"0";"0";"0";"0";"0";"0";"0";"0";"0";"0";"0";"0";"0";"0";"0";"0";"0";"0";"0";"0";"0";"0";"0";"0";"0";"0";"0";"0";"0";"0";"62";"1.3";"0.1";"12";"11";"";"0.3";"Zutaten: Rote Bete, Branntweinessig, Glukose-Fruktose-Sirup, Zucker, Salz, natürliches Aroma";"";"";"3"
"46501";"Handelshof";"13077062";"KL";"Kundenlistung";"09.04.2024";"01.01.2050";"04012200401057";"2240300001";"370ML SANDWICHGURKEN KUE";"";"Glas";"";"1 x 1 Glas";"Glas";"";" ";"SAUERKONSERVEN";"GURKEN";"Kühne";"";"0";"0";"4012200000007";"40130";"1";"EUR";" ";"2.427";"2.427";"1";"1";"0";"0";"0";"0";"0";"0";"0";"0";"0";"1";"0";"0";"0";"0";"0";"0";"0";"0";"0";"0";"0";"0";"0";"0";"0";"0";"0";"0";"0";"0";"0";"0";"0";"0";"0";"0";"0";"0";"0";"0";"0";"0";"0";"0";"0";"0";"0";"0";"0";"0";"0";"0";"0";"0";"0";"0";"0";"0";"0";"0";"0";"57";"0.6";"0.1";"12";"11";"";"1.1";"Zutaten: Gurken, Branntweinessig, Zucker, SENFSAAT, Salz, natürliches Aroma, Farbstoff Riboflavin";"";"";"3"
"46501";"Handelshof";"13077062";"KL";"Kundenlistung";"09.04.2024";"01.01.2050";"00000040804521";"2253000001";"370ML SENFGURKEN KUE";"";"Glas";"";"1 x 1 Glas";"Glas";"";" ";"SAUERKONSERVEN";"GURKEN";"Kühne";"";"0";"0";"4012200000007";"40770";"1";"EUR";" ";"2.427";"2.427";"1";"1";"0";"0";"0";"0";"0";"0";"0";"0";"0";"1";"0";"0";"0";"0";"0";"0";"0";"0";"0";"0";"0";"0";"0";"0";"0";"0";"0";"0";"0";"0";"0";"0";"0";"0";"0";"0";"0";"0";"0";"0";"0";"0";"0";"0";"0";"0";"0";"0";"0";"0";"0";"0";"0";"0";"0";"0";"0";"0";"0";"0";"0";"39";"0.5";"0.1";"8";"7.8";"";"1.4";"Zutaten: Schälgurken, Branntweinessig, Glukose-Fruktose-Sirup, SENFSAAT, Zucker, Salz, natürliches Aroma, Säuerungsmittel Citronensäure, Farbstoff Riboflavin";"";"";"3"
"46501";"Handelshof";"13077062";"KL";"Kundenlistung";"09.04.2024";"01.01.2050";"00000040804477";"2253900001";"370ML SILBERZWIEBELN KUE";"";"Glas";"";"1 x 1 Glas";"Glas";"";" ";"SAUERKONSERVEN";"SAUERKONSERVEN";"Kühne";"";"0";"0";"4012200000007";"41200";"1";"EUR";" ";"1.579";"1.579";"1";"1";"0";"0";"0";"0";"0";"0";"0";"0";"0";"0";"0";"1";"0";"0";"0";"0";"0";"0";"0";"0";"0";"0";"0";"0";"0";"0";"0";"0";"0";"0";"0";"0";"0";"0";"0";"0";"0";"0";"0";"0";"0";"0";"0";"0";"0";"0";"0";"0";"0";"0";"0";"0";"0";"0";"0";"0";"0";"0";"0";"0";"0";"37";"0.8";"0.1";"6.5";"6.2";"";"1.7";"Zutaten: Silberzwiebeln, Branntweinessig, Glukose-Fruktose-Sirup, Salz, Zucker, Antioxidationsmittel Ascorbinsäure, Citronensäure und NATRIUMMETABISULFIT, natürliches Aroma";"";"";"3"
"46501";"Handelshof";"13077062";"KL";"Kundenlistung";"09.04.2024";"01.01.2050";"00000040804415";"2254700001";"370ML TOMATENPAPRIKA KUE";"";"Glas";"";"1 x 1 Glas";"Glas";"";" ";"SAUERKONSERVEN";"SAUERKONSERVEN";"Kühne";"";"0";"0";"4012200000007";"43610";"1";"EUR";" ";"2.109";"2.109";"1";"1";"0";"0";"0";"0";"0";"0";"0";"0";"0";"0";"0";"0";"0";"0";"0";"0";"0";"0";"0";"0";"0";"0";"0";"0";"0";"0";"0";"0";"0";"0";"0";"0";"0";"0";"0";"0";"0";"0";"0";"0";"0";"0";"0";"0";"0";"0";"0";"0";"0";"0";"0";"0";"0";"0";"0";"0";"0";"0";"0";"0";"0";"36";"1";"0.2";"6";"5.5";"";"1.1";"Zutaten: Paprika, Branntweinessig, Glukose-Fruktose-Sirup, Zucker, Salz";"";"";"3"
"46501";"Handelshof";"13077062";"KL";"Kundenlistung";"09.04.2024";"01.01.2050";"05410126726947";"1969280001";"380G LOTUS BISCOFF BROTAUFSTR.CRUNCHY";"";"Glas";"";"1 x 1 Glas";"Glas";"";" ";"KONFITUEREN / HONIG / SIRUP";"BROTAUFSTRICH";"Lotus";"";"0";"0";"4399901585478";"72694";"1";"EUR";" ";"3.805";"3.805";"1";"1";"0";"0";"0";"0";"0";"1";"0";"0";"0";"0";"0";"0";"0";"0";"1";"0";"0";"0";"0";"0";"0";"0";"0";"0";"0";"0";"0";"0";"0";"1";"0";"0";"0";"0";"0";"0";"0";"0";"0";"0";"0";"0";"0";"0";"0";"0";"0";"0";"0";"0";"0";"0";"0";"0";"0";"0";"0";"0";"0";"0";"0";"572";"3.4";"35.7";"58.8";"36.2";"";"0.62";"Zutaten: Original Karamellgebäck 65% (WEIZENmehl, Zucker, pflanzliche Öle (Palm, Raps), Kandissirup, Backtriebmittel (Natriumhydrogencarbonat), SOJAmehl, Salz, Zimt), Rapsöl, Zucker, Emulgator (SOJAlecithin), Säuerungsmittel (Zitronensäure).";"";"";"3"
"46501";"Handelshof";"13077062";"KL";"Kundenlistung";"09.04.2024";"01.01.2050";"08711369199039";"7708420001";"4ER BUTAN GASKARTUSCHEN";"";"Stück";"";"1 x 1 Stück";"Stück";"";" ";"GRILLEN";"GRILLZUBEHOER";"HENDI B.V.";"";"0";"0";"8711369000007";"199039";"1";"EUR";" ";"9.529";"9.529";"1";"2";"0";"0";"0";"0";"0";"0";"0";"0";"0";"0";"0";"0";"0";"0";"0";"0";"0";"0";"0";"0";"0";"0";"0";"0";"0";"0";"0";"0";"0";"0";"0";"0";"0";"0";"0";"0";"0";"0";"0";"0";"0";"0";"0";"0";"0";"0";"0";"0";"0";"0";"0";"0";"0";"0";"0";"0";"0";"0";"0";"0";"0";"";"";"";"";"";"";"";"";"";"";"3"
"46501";"Handelshof";"13077062";"KL";"Kundenlistung";"09.04.2024";"01.01.2050";"04045395644312";"1008490001";"4KG PAZ.SCHOLLENFIL. DF NAT.160/180KT.5KG";"";"Karton";"";"1 x 1 Karton";"Karton";"";" ";"TK GV FISCH";"TK GV FISCH";"LASCHORI";"";"0";"0";"4045395000002";"64431";"1";"EUR";" ";"49.767";"49.767";"1";"1";"0";"0";"0";"1";"0";"0";"0";"0";"0";"0";"0";"0";"0";"0";"0";"0";"0";"0";"0";"0";"0";"0";"0";"0";"0";"0";"0";"0";"0";"0";"0";"0";"0";"0";"0";"0";"0";"0";"0";"0";"0";"0";"0";"0";"0";"0";"0";"0";"0";"0";"0";"0";"0";"0";"0";"0";"0";"0";"0";"0";"0";"";"";"";"";"";"";"";"";"";"";"3"
"46501";"Handelshof";"13077062";"KL";"Kundenlistung";"09.04.2024";"01.01.2050";"04009286231029";"1062150001";"4X125G AMERICAN BURGER    BLOCKHOUSE";"";"Packung";"";"1 x 1 Packung";"Packung";"";" ";"TK FERTIGGER./FLEISCHGER.";"HAMBURGER";"Block House";"";"0";"0";"4009286000007";"1251290000";"1";"EUR";" ";"6.879";"6.879";"1";"1";"0";"0";"0";"0";"0";"0";"0";"0";"0";"0";"0";"0";"0";"0";"0";"0";"0";"0";"0";"0";"0";"0";"0";"0";"0";"0";"0";"0";"0";"1";"0";"0";"0";"0";"0";"0";"0";"0";"0";"0";"0";"0";"0";"0";"0";"0";"0";"0";"0";"0";"0";"0";"0";"0";"0";"0";"0";"0";"0";"0";"0";"265";"17.2";"21.9";"0";"0";"";"0.9";"Zutaten: Rindfleisch (98%), Salz, Gewürze";"";"";"3"
"46501";"Handelshof";"13077062";"KL";"Kundenlistung";"09.04.2024";"01.01.2050";"00084909002341";"1386050001";"400G COCK CURRY PASTE ROT       KREY";"";"Packung";"";"1 x 1 Packung";"Packung";"";" ";"FEINK.-SPEZ./TROCK.FRUECHTE";"ASIEN";"COCK";"";"0";"0";"4316734000008";"221012";"1";"EUR";" ";"3.593";"3.593";"1";"1";"0";"0";"0";"0";"0";"0";"0";"0";"0";"0";"0";"0";"0";"0";"0";"0";"0";"0";"0";"0";"0";"0";"0";"0";"0";"0";"0";"0";"0";"0";"0";"0";"0";"0";"0";"0";"0";"0";"0";"0";"0";"0";"0";"0";"0";"0";"0";"0";"0";"0";"0";"0";"0";"0";"0";"0";"0";"0";"0";"0";"0";"122";"3.9";"5.4";"10";"4";"";"11.7";"Zutaten: getrocknete rote Chili (28%), Zitronengras, Knoblauch, Schalotten, Salz, Kaffernlimettenschale, Galgant, Koriandersamen, Kreuzkümmel";"";"";"3"
"46501";"Handelshof";"13077062";"KL";"Kundenlistung";"09.04.2024";"01.01.2050";"04000286232924";"1397320001";"400G KICHERERBSEN MEHL              MM";"";"Packung";"";"1 x 1 Packung";"Packung";"";" ";"MEHL/KUCHENMISCHG./PANIERM.";"GRIESS";"Müller´s Mühle";"";"0";"0";"4000286000004";"822931";"1";"EUR";" ";"2.851";"2.851";"1";"1";"0";"0";"0";"0";"0";"0";"0";"0";"0";"0";"0";"0";"0";"0";"0";"0";"0";"0";"0";"0";"0";"0";"0";"0";"0";"0";"0";"0";"0";"1";"0";"0";"0";"0";"0";"0";"0";"0";"0";"0";"0";"0";"0";"0";"0";"0";"0";"0";"0";"0";"0";"0";"0";"0";"0";"0";"0";"0";"0";"0";"0";"352";"20";"5.6";"48";"2.4";"";"0.01";"";"";"";"3"
"46501";"Handelshof";"13077062";"KL";"Kundenlistung";"09.04.2024";"01.01.2050";"04027900613105";"2158900001";"400G KRAEUTER DER PROVENCE          FU";"";"Packung";"";"1 x 1 Packung";"Packung";"";" ";"GEWUERZE";"GV-PACKUNGEN";"Fuchs";"";"0";"0";"4041974000005";"10161049";"1";"EUR";" ";"7.409";"7.409";"1";"1";"0";"0";"0";"0";"0";"0";"0";"0";"0";"0";"0";"0";"0";"0";"0";"0";"0";"0";"0";"0";"0";"0";"0";"0";"0";"0";"0";"0";"0";"0";"0";"0";"0";"0";"0";"0";"0";"0";"0";"0";"0";"0";"0";"0";"0";"0";"0";"0";"0";"0";"0";"0";"0";"0";"0";"0";"0";"0";"0";"0";"0";"401";"11.5";"10.8";"53.6";"52.6";"";"0.1";"Zutaten: Rosmarin, Thymian, Basilikum, Majoran, Petersilie, Bohnenkraut, Oregano, Kerbel, Liebstockblätter. [Spuren: Sellerie, Senf]";"";"";"3"
"46501";"Handelshof";"13077062";"KL";"Kundenlistung";"09.04.2024";"01.01.2050";"04009176229907";"2375120001";"400G LOEFFELBISCUITS";"";"Packung";"";"1 x 1 Packung";"Packung";"";" ";"GEBAECK / KNABBERARTIKEL";"RESTL. GEBAECK";"Bonomi dolce di Mont";"";"0";"0";"8002720000003";"307066";"1";"EUR";" ";"3.169";"3.169";"1";"1";"1";"0";"1";"0";"0";"0";"0";"0";"0";"0";"0";"0";"0";"0";"0";"0";"0";"0";"0";"0";"0";"0";"0";"0";"0";"0";"0";"0";"0";"0";"0";"0";"0";"0";"0";"0";"0";"0";"0";"0";"0";"0";"0";"0";"0";"0";"0";"0";"0";"0";"0";"0";"0";"0";"0";"0";"0";"0";"0";"0";"0";"384";"6.4";"2.6";"82.9";"52.7";"";"0.06";"Zutaten: Zucker, WEIZENmehl, VOLLEI 18%, Glukose-Fruktose-Sirup, Backtriebmittel (Ammoniumhydrogencarbonat), Aroma.";"";"";"3"
"46501";"Handelshof";"13077062";"KL";"Kundenlistung";"09.04.2024";"01.01.2050";"04006196081089";"1318840001";"400G SCHWARZE BOHNEN ML";"";"Dose";"";"1 x 1 Dose";"Dose";"";" ";"FEINK.-SPEZ./TROCK.FRUECHTE";"SPEZ.GEMUESEKONSERVEN";"mamma lucia";"";"0";"0";"4006196000004";"8108";"1";"EUR";" ";"1.049";"1.049";"1";"1";"0";"0";"0";"0";"0";"0";"0";"0";"0";"0";"0";"0";"0";"0";"0";"0";"0";"0";"0";"0";"0";"0";"0";"0";"0";"0";"0";"0";"0";"0";"0";"0";"0";"0";"0";"0";"0";"0";"0";"0";"0";"0";"0";"0";"0";"0";"0";"0";"0";"0";"0";"0";"0";"0";"0";"0";"0";"0";"0";"0";"0";"99";"7.2";"0.6";"12.3";"0";"";"0.74";"Zutaten: Schwarze Bohnen, Wasser, Salz, Antioxidationsmittel: Ascorbinsäure";"";"";"3"
"46501";"Handelshof";"13077062";"KL";"Kundenlistung";"09.04.2024";"01.01.2050";"05411188138099";"1150810001";"400G SOJA JOGH.ALT. NATUR UNGES.   ALPRO";"";"Becher";"";"1 x 1 Becher";"Becher";"";" ";"MOPRO / BUTTER / EIER";"PROBIOTIK";"Nutricia Milupa GmbH";"";"0";"0";"4016922000000";"5828528008";"1";"EUR";" ";"1.791";"1.791";"1";"1";"0";"0";"0";"0";"0";"1";"0";"0";"0";"0";"0";"0";"0";"0";"0";"0";"0";"1";"0";"0";"0";"0";"0";"0";"0";"0";"0";"0";"0";"0";"0";"0";"1";"0";"0";"0";"0";"0";"0";"0";"0";"0";"0";"0";"0";"0";"0";"0";"0";"0";"0";"0";"0";"0";"0";"0";"0";"0";"0";"0";"0";"55";"3.8";"1.9";"3.2";"1";"";"0.25";"Zutaten: SOJABASIS (92,1%) (Wasser, geschälte SOJABOHNEN (8,9%)), HAFER (4,5%), Zichorienwurzelfasern, Calcium (Tricalciumcitrat), Stabilisator (Pektine), Säureregulatoren (Citronensäure, Natriumcitrate), natürliches Aroma, Meersalz, Antioxidationsmittel (stark tocopherolhaltige Extrakte, Fettsäureester der Ascorbinsäure), Vitamine B12, D2, L. acidophilius, Joghurtkulturen (S. thermophilus, L. bulgaricus). KANN SPUREN VON SCHALENFRÜCHTEN (KEINE ERDNÜSSE) ENTHALTEN. VON NATUR AUS LAKTOSE- UND GLUTENFREI.";"BELGIEN";"";"3"
"46501";"Handelshof";"13077062";"KL";"Kundenlistung";"09.04.2024";"01.01.2050";"04009600036101";"2155900001";"400G WILDGEWUERZ UB";"";"Dose";"";"1 x 1 Dose";"Dose";"";" ";"GEWUERZE";"UBENA EINZELHANDEL";"Ubena";"";"0";"0";"4041974000005";"11003254";"1";"EUR";" ";"8.469";"8.469";"1";"1";"0";"0";"0";"0";"0";"0";"0";"0";"0";"0";"0";"0";"0";"0";"0";"0";"0";"0";"0";"0";"0";"0";"0";"0";"0";"0";"0";"0";"0";"0";"0";"0";"0";"0";"0";"0";"0";"0";"0";"0";"0";"0";"0";"0";"0";"0";"0";"0";"0";"0";"0";"0";"0";"0";"0";"0";"0";"0";"0";"0";"0";"313";"13.6";"7.3";"41";"32.7";"";"0";"Zutaten: Wacholderbeeren, Pfeffer, Zwiebeln, Zitronenschalen, Paprika, Mischpilzpulver (Champignons, Shiitake, Butterpilze), Tomatenpulver, Nelken, Petersilie, Piment, Rosmarin, Salbei, Thymian, Estragon, Beifuß, Ingwer, Lorbeerblätter. [Spuren: Sellerie, Senf]";"";"";"3"
"46501";"Handelshof";"13077062";"KL";"Kundenlistung";"09.04.2024";"01.01.2050";"00000040737584";"1360850001";"400ML ESSIG ESSENZ NATURVERGOREN    KUE";"";"Flasche";"";"1 x 1 Flasche";"Flasche";"";" ";"ESSIG / ZITRONENSAFT";"ESSIG ESSENZ";"Kühne";"";"0";"0";"4012200000007";"18100";"1";"EUR";" ";"1.473";"1.473";"1";"1";"0";"0";"0";"0";"0";"0";"0";"0";"0";"0";"0";"0";"0";"0";"0";"0";"0";"0";"0";"0";"0";"0";"0";"0";"0";"0";"0";"0";"0";"0";"0";"0";"0";"0";"0";"0";"0";"0";"0";"0";"0";"0";"0";"0";"0";"0";"0";"0";"0";"0";"0";"0";"0";"0";"0";"0";"0";"0";"0";"0";"0";"65";"0.1";"0.1";"0.1";"0.1";"";"0";"Zutaten: Branntweinessig";"";"";"3"
"46501";"Handelshof";"13077062";"KL";"Kundenlistung";"09.04.2024";"01.01.2050";"04260125367006";"1751990001";"400ML GEMUESEFOND VEGAN          LAFER";"";"Glas";"";"1 x 1 Glas";"Glas";"";" ";"NASS-SUPPEN / FERTIGMENUES";"FOND/PASTEN";"LAFER";"";"0";"0";"4013200000004";"36700";"1";"EUR";" ";"3.169";"3.169";"1";"1";"1";"0";"0";"0";"0";"1";"0";"0";"1";"0";"0";"0";"0";"0";"0";"0";"0";"0";"0";"0";"0";"0";"0";"0";"0";"0";"0";"0";"0";"0";"0";"0";"0";"0";"0";"0";"0";"0";"0";"0";"0";"0";"0";"0";"0";"0";"0";"0";"0";"0";"0";"0";"0";"0";"0";"0";"0";"0";"0";"0";"0";"5";"0.4";"0";"0.7";"0.7";"";"1";"Zutaten: Gemüsebrühe (Wasser, SELLERIEBLÄTTER, Karotten, Pastinaken, Lauch, SELLERIE, getrocknete Zwiebeln, Petersilie, Kerbel), Würze, SOJAsauce (Wasser, SOJABOHNEN, Speisesalz, WEIZENmehl), Zucker, Speisesalz, konzentrierter Karottensaft, SELLERIE, konzentrierter Lauchsaft, konzentrierter Zwiebelsaft, konzentrierter Petersiliensaft, konzentrierter Zitronensaft, Säuerungsmittel: Citronensäure";"";"";"3"
"46501";"Handelshof";"13077062";"KL";"Kundenlistung";"09.04.2024";"01.01.2050";"08715700131139";"1814300001";"415G BEANZ HZ";"";"Dose";"";"1 x 1 Dose";"Dose";"";" ";"NASS-SUPPEN / FERTIGMENUES";"FERTIGGERICHTE 425 ML";"Heinz";"";"0";"0";"4026071000004";"180034008";"1";"EUR";" ";"2.427";"2.427";"1";"1";"0";"0";"0";"0";"0";"0";"0";"0";"0";"0";"0";"0";"0";"0";"0";"0";"0";"0";"0";"0";"0";"0";"0";"0";"0";"0";"0";"0";"0";"0";"0";"0";"0";"0";"0";"0";"0";"0";"0";"0";"0";"0";"0";"0";"0";"0";"0";"0";"0";"0";"0";"0";"0";"0";"0";"0";"0";"0";"0";"0";"0";"78";"4.7";"0.2";"12.5";"4.7";"";"0.6";"Zutaten: Weiße Bphnen (51%), Tomaten (34%), Wasser, Zucker, Branntweinessig*, modifizierte Stärke, Speisesalz, Gewürzextrakte, Kräuterextrakte. *Österreich: Weingeistessig";"";"";"3"
"46501";"Handelshof";"13077062";"KL";"Kundenlistung";"09.04.2024";"01.01.2050";"04014400917024";"2515660001";"425G.STORCK EUKA MENTHOL";"";"Beutel";"";"1 x 1 Beutel";"Beutel";"";" ";"ZUCKERWAREN";"STORCK";"Bunte Welt Basis Sor";"";"0";"0";"4050996000009";"230369";"1";"EUR";" ";"2.279";"2.279";"1";"1";"0";"0";"0";"0";"0";"0";"0";"0";"0";"0";"0";"0";"0";"0";"0";"0";"0";"0";"0";"0";"0";"0";"0";"0";"0";"0";"0";"0";"0";"0";"0";"0";"0";"0";"0";"0";"0";"0";"0";"0";"0";"0";"0";"0";"0";"0";"0";"0";"0";"0";"0";"0";"0";"0";"0";"0";"0";"0";"0";"0";"0";"388";"0.1";"0.1";"97.1";"72.8";"";"0.03";"Zutaten: Glukosesirup, Zucker, Menthol, färbendes Spirulinakonzentrat, Eukalyptusöl, färbender Kurkuma-Auszug, Aroma.";"";"";"3"
"46501";"Handelshof";"13077062";"KL";"Kundenlistung";"09.04.2024";"01.01.2050";"04311596615674";"2221040001";"4250ML SAUERKIRSCHEN ENTSTEINT       EFS";"";"Dose";"";"1 x 1 Dose";"Dose";"";" ";"GEMUESE- / OBSTKONSERVEN";"OBST KONSERVEN";"EDEKA EINKAUFSKONTOR";"";"0";"0";"4311502990109";"4185662004";"1";"EUR";" ";"10.589";"10.589";"1";"1";"0";"0";"0";"0";"0";"0";"0";"0";"0";"0";"0";"0";"0";"0";"0";"0";"0";"0";"0";"0";"0";"0";"0";"0";"0";"0";"0";"0";"0";"0";"0";"0";"0";"0";"0";"0";"0";"0";"0";"0";"0";"0";"0";"0";"0";"0";"0";"0";"0";"0";"0";"0";"0";"0";"0";"0";"0";"0";"0";"0";"0";"";"";"";"";"";"";"";"";"";"";"3"
"46501";"Handelshof";"13077062";"KL";"Kundenlistung";"09.04.2024";"01.01.2050";"04008465001385";"2240320001";"4250ML SELLERIESALAT /STREIFEN WASTA";"";"Dose";"";"1 x 1 Dose";"Dose";"";" ";"SAUERKONSERVEN";"SAUERKONSERVEN GV";"MAMMINGER KONSERVEN";"";"0";"0";"4008463000007";"";"1";"EUR";" ";"5.289";"5.289";"1";"1";"0";"0";"0";"0";"0";"0";"0";"0";"0";"0";"0";"0";"0";"0";"0";"0";"0";"0";"0";"0";"0";"0";"0";"0";"0";"0";"0";"0";"0";"0";"0";"0";"0";"0";"0";"0";"0";"0";"0";"0";"0";"0";"0";"0";"0";"0";"0";"0";"0";"0";"0";"0";"0";"0";"0";"0";"0";"0";"0";"0";"0";"";"";"";"";"";"";"";"";"";"";"3"
"46501";"Handelshof";"13077062";"KL";"Kundenlistung";"09.04.2024";"01.01.2050";"04311596616190";"2221470001";"4250ML TOMATENMARK 2-FACH KONZ.     EFS";"";"Dose";"";"1 x 1 Dose";"Dose";"";" ";"GEMUESE- / OBSTKONSERVEN";"TOMATENKONSERVEN";"EDEKA EINKAUFSKONTOR";"";"0";"0";"4311502990109";"4203844001";"1";"EUR";" ";"12.709";"12.709";"1";"1";"0";"0";"0";"0";"0";"0";"0";"0";"0";"0";"0";"0";"0";"0";"0";"0";"0";"0";"0";"0";"0";"0";"0";"0";"0";"0";"0";"0";"0";"0";"0";"0";"0";"0";"0";"0";"0";"0";"0";"0";"0";"0";"0";"0";"0";"0";"0";"0";"0";"0";"0";"0";"0";"0";"0";"0";"0";"0";"0";"0";"0";"";"";"";"";"";"";"";"";"";"";"3"
"46501";"Handelshof";"13077062";"KL";"Kundenlistung";"09.04.2024";"01.01.2050";"04000412017104";"1970000001";"450G NASCHKAETZCHEN KRAUT           GRAF";"";"Glas";"";"1 x 1 Glas";"Glas";"";" ";"KONFITUEREN / HONIG / SIRUP";"BROTAUFSTRICH";"Naschkätzchen";"";"0";"0";"4000412000007";"01710";"1";"EUR";" ";"1.473";"1.473";"1";"1";"0";"0";"0";"0";"0";"0";"0";"0";"0";"0";"0";"0";"0";"0";"0";"0";"0";"0";"0";"0";"0";"0";"0";"0";"0";"0";"0";"0";"0";"1";"0";"0";"0";"0";"0";"0";"0";"0";"0";"0";"0";"0";"0";"0";"0";"0";"0";"0";"0";"0";"0";"0";"0";"0";"0";"0";"0";"0";"0";"0";"0";"299";"2.3";"0.5";"69";"66";"";"0.03";"Zutaten: Zuckerrüben";"";"";"3"
"46501";"Handelshof";"13077062";"KL";"Kundenlistung";"09.04.2024";"01.01.2050";"05201049211302";"1499730001";"450G SESAMPASTE TAHINI IN OEL    HAI";"";"Glas";"";"1 x 1 Glas";"Glas";"";" ";"SENF / KETCHUP / MAYONNAISE";"WUERZSAUCEN";"HAITOUGLU";"";"0";"0";"4008314000002";"17/115";"1";"EUR";" ";"8.787";"8.787";"1";"1";"0";"0";"0";"0";"0";"0";"0";"0";"0";"0";"1";"0";"0";"0";"0";"0";"0";"0";"0";"0";"0";"0";"0";"0";"0";"0";"0";"0";"0";"1";"0";"0";"0";"0";"0";"0";"0";"0";"0";"0";"0";"0";"0";"0";"0";"0";"0";"0";"0";"0";"0";"0";"0";"0";"0";"0";"0";"0";"0";"0";"0";"659";"26.9";"58.2";"1.9";"0";"";"0";"Zutaten: SESAM (100%)";"";"";"3"
"46501";"Handelshof";"13077062";"KL";"Kundenlistung";"09.04.2024";"01.01.2050";"04001091530502";"2209110001";"4650ML DUNST APFEL- STUECKE           ST";"";"Dose";"";"1 x 1 Dose";"Dose";"";" ";"GEMUESE- / OBSTKONSERVEN";"DUNST KONSERVEN";"STEINHAUS";"";"0";"0";"4001091000005";"453050";"1";"EUR";" ";"10.059";"10.059";"1";"1";"0";"0";"0";"0";"0";"0";"0";"0";"0";"0";"0";"0";"0";"0";"0";"0";"0";"0";"0";"0";"0";"0";"0";"0";"0";"0";"0";"0";"0";"0";"0";"0";"1";"0";"0";"0";"0";"0";"0";"0";"0";"0";"0";"0";"0";"0";"0";"0";"0";"0";"0";"0";"0";"0";"0";"0";"0";"0";"0";"0";"0";"35";"0.3";"0.1";"6.7";"6.4";"";"0.1";"Zutaten: Äpfel, Wasser, Säuerungsmittel: Citronensäure, Antioxidationsmittel: Ascorbinsäure.";"";"";"3"
"46501";"Handelshof";"13077062";"KL";"Kundenlistung";"09.04.2024";"01.01.2050";"09002540815626";"2165740001";"470ML GARAM MASALA IND.GEWUERZMISCH.WIB";"";"Box";"";"1 x 1 Box";"Box";"";" ";"GEWUERZE";"WIBERG";"WIBERG";"";"0";"0";"4002540000003";"245945";"1";"EUR";" ";"8.469";"8.469";"1";"1";"0";"0";"0";"0";"0";"0";"0";"0";"0";"0";"0";"0";"0";"0";"0";"0";"0";"0";"0";"0";"0";"0";"0";"0";"0";"0";"0";"0";"0";"1";"0";"0";"0";"0";"0";"0";"0";"0";"0";"0";"0";"0";"0";"0";"0";"0";"0";"0";"0";"0";"0";"0";"0";"0";"0";"0";"0";"0";"0";"0";"0";"369";"12.3";"12.2";"44.1";"34.7";"";"0.19";"Zutaten: 27 % Geröstete Gewürze (Koriander, Fenchel, Kreuzkümmel, schwarzer Pfeffer), Kardamom, Zimt, Kreuzkümmel, Kümmel, Muskatnuss, Liebstöckel, Zwiebelpulver, Ingwer, Anis, Chilli.";"";"";"3"
"46501";"Handelshof";"13077062";"KL";"Kundenlistung";"09.04.2024";"01.01.2050";"09002540816449";"2154230001";"470ML KARDAMON GEMAHLEN         WIB";"";"Box";"";"1 x 1 Box";"Box";"";" ";"GEWUERZE";"WIBERG";"WIBERG";"";"0";"0";"4002540000003";"257619";"1";"EUR";" ";"26.447";"26.447";"1";"1";"0";"0";"0";"0";"0";"0";"0";"0";"0";"0";"0";"0";"0";"0";"0";"0";"0";"0";"0";"0";"0";"0";"0";"0";"0";"0";"0";"0";"0";"1";"0";"0";"0";"0";"0";"0";"0";"0";"0";"0";"0";"0";"0";"0";"0";"0";"0";"0";"0";"0";"0";"0";"0";"0";"0";"0";"0";"0";"0";"0";"0";"355";"10.8";"6.7";"57.2";"54.3";"";"0.05";"Zutaten: Kardamom";"";"";"3"
"46501";"Handelshof";"13077062";"KL";"Kundenlistung";"09.04.2024";"01.01.2050";"09002540816302";"2164100001";"470ML PIMENT GEMAHLEN         WIB";"";"Box";"";"1 x 1 Box";"Box";"";" ";"GEWUERZE";"WIBERG";"WIBERG";"";"0";"0";"4002540000003";"257627";"1";"EUR";" ";"5.819";"5.819";"1";"1";"0";"0";"0";"0";"0";"0";"0";"0";"0";"0";"0";"0";"0";"0";"0";"0";"0";"0";"0";"0";"0";"0";"0";"0";"0";"0";"0";"0";"0";"1";"0";"0";"0";"0";"0";"0";"0";"0";"0";"0";"0";"0";"0";"0";"0";"0";"0";"0";"0";"0";"0";"0";"0";"0";"0";"0";"0";"0";"0";"0";"0";"348";"6.1";"8.7";"50.5";"48";"";"0.2";"Zutaten: Piment";"";"";"3"
"46501";"Handelshof";"13077062";"KL";"Kundenlistung";"09.04.2024";"01.01.2050";"04008377000827";"1913060001";"5ER HACO WEISS KNOEDELHILFE";"";"Packung";"";"1 x 1 Packung";"Packung";"";" ";"TEIGWAREN/KARTOFFELERZEUG.";"KARTOFFELERZEUGNISSE";"Lucullus";"";"0";"0";"4008604000002";"083";"1";"EUR";" ";"0.837";"0.837";"1";"1";"0";"0";"0";"0";"0";"0";"0";"0";"0";"0";"0";"0";"0";"0";"0";"0";"0";"0";"0";"0";"0";"0";"0";"0";"0";"0";"0";"0";"0";"0";"0";"0";"0";"0";"0";"0";"0";"0";"0";"0";"0";"0";"0";"0";"0";"0";"0";"0";"0";"0";"0";"0";"0";"0";"0";"0";"0";"0";"0";"0";"0";"250";"0";"0";"62.6";"0";"";"30.05";"Zutaten: Native Kartoffelstärke, Antioxidationsmittel: NATRIUMSULFIT. Zertifiziert nach ISO 9001.";"";"";"3"
"46501";"Handelshof";"13077062";"KL";"Kundenlistung";"09.04.2024";"01.01.2050";"04260031990015";"1270540001";"5KG EISWUERFEL KLAR BEUTEL";"";"Beutel";"";"1 x 1 Beutel";"Beutel";"";" ";"TK EIS";"EIS GV";"Walter Gott Ice Fact";"";"0";"0";"4260031990008";"100010";"1";"EUR";" ";"4.865";"4.865";"1";"2";"0";"0";"0";"0";"0";"0";"0";"0";"0";"0";"0";"0";"0";"0";"0";"0";"0";"0";"0";"0";"0";"0";"0";"0";"0";"0";"0";"0";"0";"0";"0";"0";"0";"0";"0";"0";"0";"0";"0";"0";"0";"0";"0";"0";"0";"0";"0";"0";"0";"0";"0";"0";"0";"0";"0";"0";"0";"0";"0";"0";"0";"";"";"";"";"";"";"";"Zutaten: Trinkwasser nach Trinkwasserverordnung";"";"";"3"
"46501";"Handelshof";"13077062";"KL";"Kundenlistung";"09.04.2024";"01.01.2050";"04005500343516";"1928600001";"5KG GEKOERNTE BRUEHE EXTRAFEIN         MA";"";"Eimer";"";"1 x 1 Eimer";"Eimer";"";" ";"TROCKENSUPPEN UND SAUCEN";"BOUILLONS GV";"MAGGI";"";"0";"0";"4005507000009";"11800435";"1";"EUR";" ";"50.827";"50.827";"1";"1";"1";"0";"1";"0";"0";"1";"1";"0";"1";"1";"0";"0";"0";"0";"1";"0";"0";"0";"0";"0";"0";"0";"0";"0";"0";"0";"0";"0";"0";"0";"0";"0";"0";"1";"0";"0";"0";"0";"0";"0";"0";"0";"0";"0";"0";"0";"0";"0";"0";"0";"0";"0";"0";"0";"0";"0";"0";"0";"0";"0";"0";"178";"12.9";"10.1";"8.6";"1.7";"";"66.7";"Zutaten: Jodsalz, Geschmacksverstärker (Mononatriumglutamat, Dinatriumguanylat, Dinatriuminosinat), Aromen (mit WEIZEN, SELLERIEÖL), Palmfett, Maltodextrin, karamellisierter Zucker, Säuerungsmittel Citronensäure.#Kann EIER, MILCH, SENF, SELLERIE und SOJA enthalten.";"";"";"3"
"46501";"Handelshof";"13077062";"KL";"Kundenlistung";"09.04.2024";"01.01.2050";"04005500324171";"1903990001";"5KG KLARE GEMUESE BRUEHE            MA";"";"Eimer";"";"1 x 1 Eimer";"Eimer";"";" ";"TROCKENSUPPEN UND SAUCEN";"BOUILLONS GV";"MAGGI";"";"0";"0";"4005507000009";"11802417";"1";"EUR";" ";"58.247";"58.247";"1";"1";"1";"0";"1";"0";"0";"1";"1";"0";"1";"1";"0";"0";"0";"0";"1";"0";"0";"0";"0";"0";"0";"0";"0";"0";"0";"0";"0";"0";"0";"0";"1";"0";"0";"1";"0";"0";"0";"0";"0";"0";"0";"0";"0";"0";"0";"0";"0";"0";"0";"0";"0";"0";"0";"0";"0";"0";"0";"0";"0";"0";"0";"232";"28";"5.3";"18";"3.6";"";"47.7";"ZUTATEN: Jodsalz, Geschmacksverstärker (Mononatriumglutamat, Dinatriumguanylat, Dinatriuminosinat), Maltodextrin, Palmfett, Aromen (mit WEIZEN, SENFÖL), Gemüse (Karotten, Zwiebeln), Zwiebelpulver, Kräuter, Gewürze, Säuerungsmittel Citronensäure, Farbstoff Riboflavin.#SPUREN: EIER, SOJA, MILCH, SELLERIE, SENF";"";"";"3"
"46501";"Handelshof";"13077062";"KL";"Kundenlistung";"09.04.2024";"01.01.2050";"04311596606696";"1860290001";"5KG PANIERMEHL EFS CL";"";"Packung";"";"1 x 1 Packung";"Packung";"";" ";"MEHL/KUCHENMISCHG./PANIERM.";"PANIERMEHL";"LEIMER KG  - EIGENMA";"";"0";"0";"4000186000005";"3974981001";"1";"EUR";" ";"8.469";"8.469";"1";"1";"0";"0";"0";"0";"0";"0";"0";"0";"0";"0";"0";"0";"0";"0";"0";"0";"0";"0";"0";"0";"0";"0";"0";"0";"0";"0";"0";"0";"0";"0";"0";"0";"0";"0";"0";"0";"0";"0";"0";"0";"0";"0";"0";"0";"0";"0";"0";"0";"0";"0";"0";"0";"0";"0";"0";"0";"0";"0";"0";"0";"0";"";"";"";"";"";"";"";"";"";"";"3"
"46501";"Handelshof";"13077062";"KL";"Kundenlistung";"09.04.2024";"01.01.2050";"04000186015009";"1859750001";"5KG PANIERMEHL LEI";"";"Sack";"";"1 x 1 Sack";"Sack";"";" ";"MEHL/KUCHENMISCHG./PANIERM.";"PANIERMEHL";"LEIMER";"";"0";"0";"4000186000005";"015009";"1";"EUR";" ";"11.119";"11.119";"1";"1";"0";"0";"0";"0";"0";"0";"0";"0";"0";"0";"0";"0";"0";"0";"1";"0";"0";"0";"0";"0";"0";"0";"0";"0";"0";"0";"0";"0";"0";"1";"0";"0";"0";"0";"0";"0";"0";"0";"0";"0";"0";"0";"0";"0";"0";"0";"0";"0";"0";"0";"0";"0";"0";"0";"0";"0";"0";"0";"0";"0";"0";"355";"13.6";"1.5";"69";"3";"";"1.5";"Zutaten: WEIZENMEHL, Hefe, Salz";"";"";"3"
"46501";"Handelshof";"13077062";"KL";"Kundenlistung";"09.04.2024";"01.01.2050";"04006196097103";"2707960001";"5KG PENNE RIGATE ML";"";"Beutel";"";"1 x 1 Beutel";"Beutel";"";" ";"TEIGWAREN/KARTOFFELERZEUG.";"TEIGWAREN GV";"ETERNA NAHRUNGSMITTE";"";"0";"0";"4006196000004";"9710";"1";"EUR";" ";"10.589";"10.589";"1";"1";"1";"0";"0";"0";"0";"0";"0";"0";"0";"0";"0";"0";"0";"0";"0";"0";"0";"0";"0";"0";"0";"0";"0";"0";"0";"0";"0";"0";"0";"0";"0";"0";"0";"0";"0";"0";"0";"0";"0";"0";"0";"0";"0";"0";"0";"0";"0";"0";"0";"0";"0";"0";"0";"0";"0";"0";"0";"0";"0";"0";"0";"351";"12";"1";"72";"3.5";"";"0.01";"Zutaten: HartWEIZENgrieß";"";"";"3"
"46501";"Handelshof";"13077062";"KL";"Kundenlistung";"09.04.2024";"01.01.2050";"04311596607914";"1361030001";"5KG SENF MITTEL- SCHARF        EFS CL";"";"Eimer";"";"1 x 1 Eimer";"Eimer";"";" ";"SENF / KETCHUP / MAYONNAISE";"SENF GV";"BURKHARDT FEINKOSTWE";"";"0";"0";"4100470000008";"17234";"1";"EUR";" ";"6.879";"6.879";"1";"1";"0";"0";"0";"0";"0";"0";"0";"0";"0";"0";"0";"0";"0";"0";"0";"0";"0";"0";"0";"0";"0";"0";"0";"0";"0";"0";"0";"0";"0";"0";"0";"0";"0";"0";"0";"0";"0";"0";"0";"0";"0";"0";"0";"0";"0";"0";"0";"0";"0";"0";"0";"0";"0";"0";"0";"0";"0";"0";"0";"0";"0";"";"";"";"";"";"";"";"";"";"";"3"
"46501";"Handelshof";"13077062";"KL";"Kundenlistung";"09.04.2024";"01.01.2050";"08710697315425";"1171600001";"50X20G MINI FRUEHL.- ROLLEN M.GEMUESE";"";"Beutel";"";"1 x 1 Beutel";"Beutel";"";" ";"TK FERTIGGER./FLEISCHGER.";"TK-FINGERFOOD";"GOURMETLAND GMBH";"";"0";"0";"4260613760005";"18178";"1";"EUR";" ";"10.059";"10.059";"1";"1";"1";"0";"0";"0";"0";"0";"0";"0";"1";"0";"0";"0";"0";"0";"0";"0";"0";"0";"0";"0";"0";"0";"0";"0";"0";"0";"0";"0";"0";"0";"0";"0";"0";"0";"0";"0";"0";"0";"0";"0";"0";"0";"0";"0";"0";"0";"0";"0";"0";"0";"0";"0";"0";"0";"0";"0";"0";"0";"0";"0";"0";"154";"2.9";"4.9";"23";"7.9";"";"1.4";"Zutaten: Gemüse (49%) (Weißkohl, Karotten, Porree, Zwiebeln), Mehl (WEIZEN, Reis), Wasser, Rapsöl, Mungbohnennudeln (Mungbohnenstärke, Erbsenstärke), Stärke (Mais, Kartoffel), Salz, Zucker, Kräuter und Gewürze (SELLERIE), Dextrose, Maltodextrin, Emulgator: Sonnenblumenlecithin, Zwiebelextrakt, Knoblauchöl";"NIEDERLANDE";"";"3"
"46501";"Handelshof";"13077062";"KL";"Kundenlistung";"09.04.2024";"01.01.2050";"04020961308621";"1550270001";"500 GR.ZWIEBELWURST GEKOCHT";"";"Packung";"";"1 x 1 Packung";"Packung";"";" ";"WURST UND SCHINKEN";"ROH-AUFSCHNITT AB 500G.GES";"Blumberg";"";"0";"0";"4020961000006";"30862";"1";"EUR";" ";"7.939";"7.939";"1";"1";"0";"0";"0";"0";"0";"1";"0";"0";"1";"1";"0";"0";"0";"0";"0";"0";"0";"0";"0";"0";"0";"0";"0";"0";"0";"0";"0";"0";"0";"0";"0";"0";"0";"0";"0";"0";"0";"0";"0";"0";"0";"0";"0";"0";"0";"0";"0";"0";"0";"0";"0";"0";"0";"0";"0";"0";"0";"0";"0";"0";"0";"0";"0";"0";"0";"0";"";"0";"Schweinefleisch 40%, Speck, Trinkwasser, Zwiebeln 9%, Kochsalz, Roestzwiebeln (76% Zwiebeln, Rapsoel, WEIZENMEHL, Speisesalz), Wuerze (Enthaelt SOJA), Farbstoff: E120, Dextrose, Gewuerze (Enthaelt SENF, SELLERIE), Emulgator: E471, Glucosesirup, Stabilisatoren: E 450, E451, Antioxidationsmittel: E300, E301; Zwiebelpulver, Hefeextrakt (Palmfett), Stärke, Roestzwiebelaroma, Gewuerzextrakte, Konservierungsstoff E250. Wursthülle Nicht Zum Verzehr Geeignet.";"";"";"3"
"46501";"Handelshof";"13077062";"KL";"Kundenlistung";"09.04.2024";"01.01.2050";"04002911122969";"3525290001";"500 TASSENDECKCHEN 8,5CM WEISS";"";"Packung";"";"1 x 1 Packung";"Packung";"";" ";"PAPIERWAREN";"SONSTIGE PAPIERWAREN";"PAP STAR GMBH";"";"0";"0";"4002911000007";"12296";"1";"EUR";" ";"2.427";"2.427";"1";"2";"0";"0";"0";"0";"0";"0";"0";"0";"0";"0";"0";"0";"0";"0";"0";"0";"0";"0";"0";"0";"0";"0";"0";"0";"0";"0";"0";"0";"0";"0";"0";"0";"0";"0";"0";"0";"0";"0";"0";"0";"0";"0";"0";"0";"0";"0";"0";"0";"0";"0";"0";"0";"0";"0";"0";"0";"0";"0";"0";"0";"0";"";"";"";"";"";"";"";"";"";"";"3"
"46501";"Handelshof";"13077062";"KL";"Kundenlistung";"09.04.2024";"01.01.2050";"04104420115767";"1207080001";"500G BIO HAFER- FLOCKEN FEINBL.  ALN";"";"Beutel";"";"1 x 1 Beutel";"Beutel";"";" ";"CEREALIEN / HAFERFLOCKEN";"BIO";"Alnatura Produktions";"";"0";"0";"4104420000001";"139698";"1";"EUR";" ";"1.261";"1.261";"1";"1";"0";"0";"0";"0";"0";"0";"0";"0";"0";"0";"0";"0";"0";"0";"0";"0";"0";"0";"0";"0";"0";"0";"0";"0";"0";"0";"0";"0";"0";"0";"0";"0";"0";"0";"0";"0";"0";"0";"0";"0";"0";"0";"0";"0";"0";"0";"0";"0";"0";"0";"0";"0";"0";"0";"0";"0";"0";"0";"0";"0";"0";"";"";"";"";"";"";"";"";"";"";"3"
"46501";"Handelshof";"13077062";"KL";"Kundenlistung";"09.04.2024";"01.01.2050";"04000286222819";"1915020001";"500G BULGUR MM";"";"Packung";"";"1 x 1 Packung";"Packung";"";" ";"HUELSENFRUECHTE / REIS";"REIS";"Müller´s Mühle";"";"0";"0";"4000286000004";"829432";"1";"EUR";" ";"2.109";"2.109";"1";"1";"1";"0";"0";"0";"0";"0";"0";"0";"0";"0";"0";"0";"0";"0";"0";"0";"0";"0";"0";"0";"0";"0";"0";"0";"0";"0";"0";"0";"0";"1";"0";"0";"0";"0";"0";"0";"0";"0";"0";"0";"0";"0";"0";"0";"0";"0";"0";"0";"0";"0";"0";"0";"0";"0";"0";"0";"0";"0";"0";"0";"0";"356";"13";"1.5";"70";"1";"";"0.02";"";"";"";"3"
"46501";"Handelshof";"13077062";"KL";"Kundenlistung";"09.04.2024";"01.01.2050";"04311501720042";"2713410001";"500G CORNFLAKES G&G";"";"Packung";"";"1 x 1 Packung";"Packung";"";" ";"CEREALIEN / HAFERFLOCKEN";"CEREALIEN";"EDEKA RHEIN-RUHR";"";"0";"0";"4313705000005";"4798771007";"1";"EUR";" ";"1.579";"1.579";"1";"1";"0";"0";"0";"0";"0";"0";"0";"0";"0";"0";"0";"0";"0";"0";"0";"0";"0";"0";"0";"0";"0";"0";"0";"0";"0";"0";"0";"0";"0";"0";"0";"0";"0";"0";"0";"0";"0";"0";"0";"0";"0";"0";"0";"0";"0";"0";"0";"0";"0";"0";"0";"0";"0";"0";"0";"0";"0";"0";"0";"0";"0";"";"";"";"";"";"";"";"";"";"";"3"
"46501";"Handelshof";"13077062";"KL";"Kundenlistung";"09.04.2024";"01.01.2050";"04000286222673";"1915030001";"500G COUSCOUS MM";"";"Packung";"";"1 x 1 Packung";"Packung";"";" ";"MEHL/KUCHENMISCHG./PANIERM.";"GRIESS";"Müller´s Mühle";"";"0";"0";"4000286000004";"826933";"1";"EUR";" ";"2.215";"2.215";"1";"1";"1";"0";"0";"0";"0";"0";"0";"0";"0";"0";"0";"0";"0";"0";"0";"0";"0";"0";"0";"0";"0";"0";"0";"0";"0";"0";"0";"0";"0";"1";"0";"0";"0";"0";"0";"0";"0";"0";"0";"0";"0";"0";"0";"0";"0";"0";"0";"0";"0";"0";"0";"0";"0";"0";"0";"0";"0";"0";"0";"0";"0";"353";"13";"1.5";"70";"1.5";"";"0.01";"";"";"";"3"
"46501";"Handelshof";"13077062";"KL";"Kundenlistung";"09.04.2024";"01.01.2050";"04009600031915";"2156270001";"500G CUMIN GEMAHLEN UB";"";"Dose";"";"1 x 1 Dose";"Dose";"";" ";"GEWUERZE";"HOTEL DOSEN";"Ubena";"";"0";"0";"4041974000005";"11003178";"1";"EUR";" ";"11.649";"11.649";"1";"1";"0";"0";"0";"0";"0";"0";"0";"0";"0";"0";"0";"0";"0";"0";"0";"0";"0";"0";"0";"0";"0";"0";"0";"0";"0";"0";"0";"0";"0";"0";"0";"0";"0";"0";"0";"0";"0";"0";"0";"0";"0";"0";"0";"0";"0";"0";"0";"0";"0";"0";"0";"0";"0";"0";"0";"0";"0";"0";"0";"0";"0";"429";"17.8";"22.3";"34";"6.8";"";"0.05";"Zutaten: Cumin.";"";"";"3"
"46501";"Handelshof";"13077062";"KL";"Kundenlistung";"09.04.2024";"01.01.2050";"04260066168106";"1015410001";"500G FORELLENFILETS OHNE HAUT";"";"Packung";"";"1 x 1 Packung";"Packung";"";" ";"SB-RAEUCHERFISCH";"RAEUCHERFISCH";"H";"";"0";"0";"4260066160001";"3810";"1";"EUR";" ";"11.649";"11.649";"1";"1";"0";"0";"0";"1";"0";"0";"0";"0";"0";"0";"0";"0";"0";"0";"0";"0";"0";"0";"0";"0";"0";"0";"0";"0";"0";"0";"0";"0";"0";"0";"0";"0";"0";"0";"0";"0";"0";"0";"0";"0";"0";"0";"0";"0";"0";"0";"0";"0";"0";"0";"0";"0";"0";"0";"0";"0";"0";"0";"0";"0";"0";"116";"19.3";"4.3";"0";"0";"";"0.2";"Zutaten: FORELLE, Salz, Rauch";"";"";"3"
"46501";"Handelshof";"13077062";"KL";"Kundenlistung";"09.04.2024";"01.01.2050";"04000412010907";"1960830001";"500G GOLDSAFT DOSIER FLASCHE         GRAF";"";"Flasche";"";"1 x 1 Flasche";"Flasche";"";" ";"KONFITUEREN / HONIG / SIRUP";"BROTAUFSTRICH";"Grafschafter";"";"0";"0";"4000412000007";"01099";"1";"EUR";" ";"2.427";"2.427";"1";"1";"0";"0";"0";"0";"0";"0";"0";"0";"0";"0";"0";"0";"0";"0";"0";"0";"0";"0";"0";"0";"0";"0";"0";"0";"0";"0";"0";"0";"0";"1";"0";"0";"0";"0";"0";"0";"0";"0";"0";"0";"0";"0";"0";"0";"0";"0";"0";"0";"0";"0";"0";"0";"0";"0";"0";"0";"0";"0";"0";"0";"0";"299";"2.3";"0.5";"69";"66";"";"0.03";"Zutaten: Zuckerrüben";"";"";"3"
"46501";"Handelshof";"13077062";"KL";"Kundenlistung";"09.04.2024";"01.01.2050";"08711000509562";"2562330001";"500G KAFFEE HAG KLASSISCH MILD";"";"Packung";"";"1 x 1 Packung";"Packung";"";" ";"KAFFEE";"KAFFEE GEMAHLEN";"CAFE HAG";"";"0";"0";"4000508000003";"4031787";"1";"EUR";" ";"7.939";"7.939";"1";"1";"0";"0";"0";"0";"0";"0";"0";"0";"0";"0";"0";"0";"0";"0";"0";"0";"0";"0";"0";"0";"0";"0";"0";"0";"0";"0";"0";"0";"0";"1";"0";"0";"0";"0";"0";"0";"0";"0";"0";"0";"0";"0";"0";"0";"0";"0";"0";"0";"0";"0";"0";"0";"0";"0";"0";"0";"0";"0";"0";"0";"0";"";"";"";"";"";"";"";"";"";"";"3"
"46501";"Handelshof";"13077062";"KL";"Kundenlistung";"09.04.2024";"01.01.2050";"04002624017477";"2019890001";"500G KOKOSFLOCKEN INS";"";"Beutel";"";"1 x 1 Beutel";"Beutel";"";" ";"PUDDING/SAUCEN/BACKZUTATEN";"BACKZUTATEN GV";"INSULA";"";"0";"0";"4002624000004";"1747";"1";"EUR";" ";"3.699";"3.699";"1";"1";"0";"0";"0";"0";"0";"0";"0";"0";"0";"0";"0";"0";"0";"0";"0";"0";"0";"0";"0";"0";"0";"0";"0";"0";"0";"0";"0";"0";"0";"0";"0";"0";"0";"0";"0";"0";"0";"0";"0";"0";"0";"0";"0";"0";"0";"0";"0";"0";"0";"0";"0";"0";"0";"0";"0";"0";"0";"0";"0";"0";"0";"610";"6.2";"63.3";"6.4";"6.2";"";"0";"";"";"";"3"
"46501";"Handelshof";"13077062";"KL";"Kundenlistung";"09.04.2024";"01.01.2050";"08076809523738";"1426220001";"500G LASAGNE BAR";"";"Packung";"";"1 x 1 Packung";"Packung";"";" ";"TEIGWAREN/KARTOFFELERZEUG.";"TEIGWAREN";"Barilla";"";"0";"0";"4012187000007";"1000012388";"1";"EUR";" ";"2.957";"2.957";"1";"1";"1";"0";"1";"0";"0";"0";"0";"0";"0";"0";"0";"0";"0";"0";"1";"0";"0";"0";"0";"0";"0";"0";"0";"0";"0";"0";"0";"0";"0";"0";"0";"0";"0";"0";"0";"0";"0";"0";"0";"0";"0";"0";"0";"0";"0";"0";"0";"0";"0";"0";"0";"0";"0";"0";"0";"0";"0";"0";"0";"0";"0";"359";"12";"2";"71.7";"3.5";"";"0.01";"Zutaten: HARTWEIZENGRIESS , Wasser.KANN SPUREN VON EIERN ENTHALTEN, WENN DAS PRODUKT IN DEM MIT DEM BUCHSTABEN (A) GEKENNZEICHNETEN WERK HERGESTELLT WURDE.";"";"";"3"
"46501";"Handelshof";"13077062";"KL";"Kundenlistung";"09.04.2024";"01.01.2050";"04027900613907";"2176400001";"500G NELKEN GANZ FU";"";"Packung";"";"1 x 1 Packung";"Packung";"";" ";"GEWUERZE";"GV-PACKUNGEN";"Fuchs";"";"0";"0";"4041974000005";"10161065";"1";"EUR";" ";"15.889";"15.889";"1";"1";"0";"0";"0";"0";"0";"0";"0";"0";"0";"0";"0";"0";"0";"0";"0";"0";"0";"0";"0";"0";"0";"0";"0";"0";"0";"0";"0";"0";"0";"0";"0";"0";"0";"0";"0";"0";"0";"0";"0";"0";"0";"0";"0";"0";"0";"0";"0";"0";"0";"0";"0";"0";"0";"0";"0";"0";"0";"0";"0";"0";"0";"414";"6";"20";"52";"51.5";"";"0.5";"Zutaten: Nelken. [Spuren: Sellerie, Senf]";"";"";"3"
"46501";"Handelshof";"13077062";"KL";"Kundenlistung";"09.04.2024";"01.01.2050";"04000286222635";"1907290001";"500G PARDINA LINSEN MM";"";"Beutel";"";"1 x 1 Beutel";"Beutel";"";" ";"HUELSENFRUECHTE / REIS";"HUELSENFRUECHTE";"Müller´s Mühle";"";"0";"0";"4000286000004";"826610";"1";"EUR";" ";"2.321";"2.321";"1";"1";"0";"0";"0";"0";"0";"0";"0";"0";"0";"0";"0";"0";"0";"0";"0";"0";"0";"0";"0";"0";"0";"0";"0";"0";"0";"0";"0";"0";"0";"1";"0";"0";"0";"0";"0";"0";"0";"0";"0";"0";"0";"0";"0";"0";"0";"0";"0";"0";"0";"0";"0";"0";"0";"0";"0";"0";"0";"0";"0";"0";"0";"336";"23";"1.5";"50";"1.3";"";"0.01";"";"";"";"3"
"46501";"Handelshof";"13077062";"KL";"Kundenlistung";"09.04.2024";"01.01.2050";"04000286233426";"1397290001";"500G REIS MEHL MM";"";"Packung";"";"1 x 1 Packung";"Packung";"";" ";"MEHL/KUCHENMISCHG./PANIERM.";"GRIESS";"Müller´s Mühle";"";"0";"0";"4000286000004";"823433";"1";"EUR";" ";"1.579";"1.579";"1";"1";"0";"0";"0";"0";"0";"0";"0";"0";"0";"0";"0";"0";"0";"0";"0";"0";"0";"0";"0";"0";"0";"0";"0";"0";"0";"0";"0";"0";"0";"1";"0";"0";"0";"0";"0";"0";"0";"0";"0";"0";"0";"0";"0";"0";"0";"0";"0";"0";"0";"0";"0";"0";"0";"0";"0";"0";"0";"0";"0";"0";"0";"348";"7.3";"0.9";"77";"0.3";"";"0.01";"";"";"";"3"
"46501";"Handelshof";"13077062";"KL";"Kundenlistung";"09.04.2024";"01.01.2050";"04008088909068";"1479900001";"500G ROHRZUCKER BRAUN            KLU";"";"Beutel";"";"1 x 1 Beutel";"Beutel";"";" ";"ZUCKER / SALZ";"ZUCKER";"Kluth";"";"0";"0";"4008088000000";"90906";"1";"EUR";" ";"1.791";"1.791";"1";"1";"0";"0";"0";"0";"0";"0";"0";"0";"0";"0";"0";"0";"0";"0";"0";"0";"0";"0";"0";"0";"0";"0";"0";"0";"0";"0";"0";"0";"0";"1";"0";"0";"0";"0";"0";"0";"0";"0";"0";"0";"0";"0";"0";"0";"0";"0";"0";"0";"0";"0";"0";"0";"0";"0";"0";"0";"0";"0";"0";"0";"0";"387";"0";"0";"96.4";"96.4";"";"0.1";"Zutaten: Roh-Rohrzucker In unserer Produktion werden auch Schalenfrüchte und ERDNÜSSE verarbeitet.";"";"";"3"
"46501";"Handelshof";"13077062";"KL";"Kundenlistung";"09.04.2024";"01.01.2050";"04002624016470";"1468110001";"500G SESAMSAAT SCHWARZ          INS";"";"Beutel";"";"1 x 1 Beutel";"Beutel";"";" ";"PUDDING/SAUCEN/BACKZUTATEN";"BACKZUTATEN GV";"INSULA";"";"0";"0";"4002624000004";"0976";"1";"EUR";" ";"3.911";"3.911";"1";"1";"0";"0";"0";"0";"0";"0";"0";"0";"0";"0";"1";"0";"0";"0";"0";"0";"0";"0";"0";"0";"0";"0";"0";"0";"0";"0";"0";"0";"0";"0";"0";"0";"0";"0";"0";"0";"0";"0";"0";"0";"0";"0";"0";"0";"0";"0";"0";"0";"0";"0";"0";"0";"0";"0";"0";"0";"0";"0";"0";"0";"0";"593";"21";"50";"10";"0.2";"";"0.1";"";"";"";"3"
"46501";"Handelshof";"13077062";"KL";"Kundenlistung";"09.04.2024";"01.01.2050";"04002624209186";"2020250001";"500G SONNENBLUMEN- KERNE            INS";"";"Beutel";"";"1 x 1 Beutel";"Beutel";"";" ";"PUDDING/SAUCEN/BACKZUTATEN";"BACKZUTATEN GV";"INSULA";"";"0";"0";"4002624000004";"0918";"1";"EUR";" ";"2.385";"2.385";"1";"1";"0";"0";"0";"0";"0";"0";"0";"0";"0";"0";"0";"0";"0";"0";"0";"0";"0";"0";"0";"0";"0";"0";"0";"0";"0";"0";"0";"0";"0";"0";"0";"0";"0";"0";"0";"0";"0";"0";"0";"0";"0";"0";"0";"0";"0";"0";"0";"0";"0";"0";"0";"0";"0";"0";"0";"0";"0";"0";"0";"0";"0";"574";"22";"49";"12";"0";"";"0";"";"";"";"3"
"46501";"Handelshof";"13077062";"KL";"Kundenlistung";"09.04.2024";"01.01.2050";"04311596042159";"1600990001";"500G SONNENBLUMEN- MARGARINE        G&G";"";"Becher";"";"1 x 1 Becher";"Becher";"";" ";"FETTE / OELE / MARGARINE";"MARGARINE";"Walter Rau";"";"0";"0";"4026400000002";"132489005";"1";"EUR";" ";"1.473";"1.473";"1";"1";"0";"0";"0";"0";"0";"0";"0";"0";"0";"0";"0";"0";"0";"0";"0";"0";"0";"0";"0";"0";"0";"0";"0";"0";"0";"0";"0";"0";"0";"0";"0";"0";"0";"0";"0";"0";"0";"0";"0";"0";"0";"0";"0";"0";"0";"0";"0";"0";"0";"0";"0";"0";"0";"0";"0";"0";"0";"0";"0";"0";"0";"";"";"";"";"";"";"";"";"";"";"3"
"46501";"Handelshof";"13077062";"KL";"Kundenlistung";"09.04.2024";"01.01.2050";"04027900616007";"2185500001";"500G WACHOLDERBEEREN FU";"";"Packung";"";"1 x 1 Packung";"Packung";"";" ";"GEWUERZE";"GV-PACKUNGEN";"Fuchs";"";"0";"0";"4041974000005";"10161128";"1";"EUR";" ";"12.179";"12.179";"1";"1";"0";"0";"0";"0";"0";"0";"0";"0";"0";"0";"0";"0";"0";"0";"0";"0";"0";"0";"0";"0";"0";"0";"0";"0";"0";"0";"0";"0";"0";"0";"0";"0";"0";"0";"0";"0";"0";"0";"0";"0";"0";"0";"0";"0";"0";"0";"0";"0";"0";"0";"0";"0";"0";"0";"0";"0";"0";"0";"0";"0";"0";"385";"19.8";"14.6";"37.3";"7.5";"";"0.05";"Zutaten: Wacholderbeeren.";"";"";"3"
"46501";"Handelshof";"13077062";"KL";"Kundenlistung";"09.04.2024";"01.01.2050";"09002540894300";"2150810001";"500ML TRENNFETT GESCHM.NEUTRAL   WIB";"";"Dose";"";"1 x 1 Dose";"Dose";"";" ";"FETTE / OELE / MARGARINE";"KOCH- U. BACKFETTE";"FRUTAROM SAVORY SOLU";"";"0";"0";"4002540000003";"108959";"1";"EUR";" ";"7.409";"7.409";"1";"2";"0";"0";"0";"0";"0";"0";"0";"0";"0";"0";"0";"0";"0";"0";"0";"0";"0";"0";"0";"0";"0";"0";"0";"0";"0";"0";"0";"0";"0";"1";"0";"0";"0";"0";"0";"0";"0";"0";"0";"0";"0";"0";"0";"0";"0";"0";"0";"0";"0";"0";"0";"0";"0";"0";"0";"0";"0";"0";"0";"0";"0";"832";"0";"92.4";"0.2";"0";"";"0";"Zutaten: Pflanzliche Öle (Raps, Palm, Kokos), Treibgase (Butan, Propan, Isobutan), Trennmittel: Wachsester, Kokosfett, Emulgator: Lecithine.";"";"";"3"
"46501";"Handelshof";"13077062";"KL";"Kundenlistung";"09.04.2024";"01.01.2050";"04003148137016";"1856640001";"500X4G ROHRZUCKER- STICKS           HEL";"";"Karton";"";"1 x 1 Karton";"Karton";"";" ";"ZUCKER / SALZ";"ZUCKER GV";"HELLMA";"";"0";"0";"4003148000006";"60000084";"1";"EUR";" ";"13.769";"13.769";"1";"1";"0";"0";"0";"0";"0";"0";"0";"0";"0";"0";"0";"0";"0";"0";"0";"0";"0";"0";"0";"0";"0";"0";"0";"0";"0";"0";"0";"0";"0";"1";"0";"0";"0";"0";"0";"0";"0";"0";"0";"0";"0";"0";"0";"0";"0";"0";"0";"0";"0";"0";"0";"0";"0";"0";"0";"0";"0";"0";"0";"0";"0";"399";"0";"0";"100";"100";"";"0";"Zutaten: Zucker";"";"";"3"
"46501";"Handelshof";"13077062";"KL";"Kundenlistung";"09.04.2024";"01.01.2050";"04005975018322";"1251800001";"54X100G LAUGENBREZEL MIT SCHNITT";"";"Karton";"";"1 x 1 Karton";"Karton";"";" ";"TK BACKWAREN";"LAUGENGEBAECK";"Laugenbrezel 100g";"";"0";"0";"4005975000006";"1832";"1";"EUR";" ";"19.069";"19.069";"1";"1";"1";"0";"0";"0";"0";"0";"0";"0";"0";"0";"0";"0";"0";"0";"0";"0";"0";"0";"0";"0";"0";"0";"0";"0";"0";"0";"0";"0";"0";"1";"0";"0";"0";"0";"0";"0";"0";"0";"0";"0";"0";"0";"0";"0";"0";"0";"0";"0";"0";"0";"0";"0";"0";"0";"0";"0";"0";"0";"0";"0";"0";"282";"9.3";"4.1";"50.6";"3.4";"";"1.74";"Zutaten: WEIZENMEHL, Wasser, Rapsöl, Hefe, jodiertes Speisesalz (Salz, Kaliumjodat), Emulgator: Mono- und Diacetylweinsäureester von Mono- und Diglyceriden von Speisefettsäuren; Brezellauge (Säureregulator: Natriumhydroxid); Mehlbehandlungsmittel: Ascorbinsäure, Enzyme (Amylase, Hemicellulase)";"";"";"3"
"46501";"Handelshof";"13077062";"KL";"Kundenlistung";"09.04.2024";"01.01.2050";"08005140100025";"1374990001";"540G CREMA DI BALSAMICO CLASSIC";"";"Flasche";"";"1 x 1 Flasche";"Flasche";"";" ";"ESSIG / ZITRONENSAFT";"BALSAMICO";"DUNEKACKE U. WILMS";"";"0";"0";"4008314000002";"15522";"1";"EUR";" ";"12.709";"12.709";"1";"1";"0";"0";"0";"0";"0";"0";"0";"0";"0";"0";"0";"1";"0";"0";"0";"0";"0";"0";"0";"0";"0";"0";"0";"0";"0";"0";"0";"0";"0";"0";"1";"0";"0";"0";"0";"0";"0";"0";"0";"0";"0";"0";"0";"0";"0";"0";"0";"0";"0";"0";"0";"0";"0";"0";"0";"0";"0";"0";"0";"0";"0";"176";"0.5";"0";"42";"36";"";"0.08";"Zutaten: Balsamessig aus Modena Aceto Balsamico di Modena IGP 92% (konzentrierter Traubenmost, Weinessig, Farbstoff: E150d), Glucosesirup, modifizierte Maisstärke, Maltodextrin, Dextrose, Verdickungsmittel: Xanthan enthält SULFITE";"ITALIEN";"";"3"
"46501";"Handelshof";"13077062";"KL";"Kundenlistung";"09.04.2024";"01.01.2050";"04005500053705";"2160510001";"5,5KG MAGGI WUERZE";"";"Kanister";"";"1 x 1 Kanister";"Kanister";"";" ";"TROCKENSUPPEN UND SAUCEN";"WUERZE/WUERZMISCHUNGEN GV";"MAGGI";"";"0";"0";"4005507000009";"11893604";"1";"EUR";" ";"42.347";"42.347";"1";"1";"1";"0";"0";"0";"0";"0";"0";"0";"0";"0";"0";"0";"0";"0";"1";"0";"0";"0";"0";"0";"0";"0";"0";"0";"0";"0";"0";"0";"0";"0";"0";"0";"0";"1";"0";"0";"0";"0";"0";"0";"0";"0";"0";"0";"0";"0";"0";"0";"0";"0";"0";"0";"0";"0";"0";"0";"0";"0";"0";"0";"0";"102";"18";"0";"7.4";"5.1";"";"24.9";"ZUTATEN: Pflanzliches Eiweiss, biologisch aufgeschlossen (Wasser, WEIZENPROTEINE, Salz), Wasser, Aroma (mit WEIZEN), Geschmacksverstärker (Mononatriumglutamat, Dinatriuminosinat), Salz, Zucker.";"";"";"3"
"46501";"Handelshof";"13077062";"KL";"Kundenlistung";"09.04.2024";"01.01.2050";"04012200417607";"2240280001";"580ML GUERKCHEN BALSAMICO BIANCO KUE";"";"Glas";"";"1 x 1 Glas";"Glas";"";" ";"SAUERKONSERVEN";"GURKEN";"Kühne";"";"0";"0";"4012200000007";"41760";"1";"EUR";" ";"3.487";"3.487";"1";"1";"0";"0";"0";"0";"0";"0";"0";"0";"0";"1";"0";"0";"0";"0";"0";"0";"0";"0";"0";"0";"0";"0";"0";"0";"0";"0";"0";"0";"0";"0";"0";"0";"0";"0";"0";"0";"0";"0";"0";"0";"0";"0";"0";"0";"0";"0";"0";"0";"0";"0";"0";"0";"0";"0";"0";"0";"0";"0";"0";"0";"0";"64";"1.4";"0.2";"13";"12";"";"1.7";"Zutaten: Gurken, Condimento Balsamico Bianco 13% (Weißweinessig, Traubenmostkonzentrat), Glukose-Fruktose-Sirup, Zucker, Salz, SENFSAAT, natürliches Aroma, Farbstoff Riboflavin";"";"";"3"
"46501";"Handelshof";"13077062";"KL";"Kundenlistung";"09.04.2024";"01.01.2050";"04012200417300";"2240170001";"580ML GUERKCHEN CHILI            KUE";"";"Glas";"";"1 x 1 Glas";"Glas";"";" ";"SAUERKONSERVEN";"GURKEN";"Kühne";"";"0";"0";"4012200000007";"41730";"1";"EUR";" ";"3.487";"3.487";"1";"1";"0";"0";"0";"0";"0";"0";"0";"0";"0";"1";"0";"0";"0";"0";"0";"0";"0";"0";"0";"0";"0";"0";"0";"0";"0";"0";"0";"0";"0";"0";"0";"0";"0";"0";"0";"0";"0";"0";"0";"0";"0";"0";"0";"0";"0";"0";"0";"0";"0";"0";"0";"0";"0";"0";"0";"0";"0";"0";"0";"0";"0";"57";"1.4";"0.2";"11";"10";"";"1.7";"Zutaten: Gurken, Branntweinessig, Wasser, Glukose-Fruktose-Sirup, Zucker, SENFSAAT, Salz, Chilli, natürliches Aroma, Farbstoff Riboflavin";"";"";"3"
"46501";"Handelshof";"13077062";"KL";"Kundenlistung";"09.04.2024";"01.01.2050";"04012200417409";"2240250001";"580ML GUERKCHEN HONIG            KUE";"";"Glas";"";"1 x 1 Glas";"Glas";"";" ";"SAUERKONSERVEN";"GURKEN";"Kühne";"";"0";"0";"4012200000007";"41740";"1";"EUR";" ";"3.487";"3.487";"1";"1";"0";"0";"0";"0";"0";"0";"0";"0";"0";"1";"0";"0";"0";"0";"0";"0";"0";"0";"0";"0";"0";"0";"0";"0";"0";"0";"0";"0";"0";"0";"0";"0";"0";"0";"0";"0";"0";"0";"0";"0";"0";"0";"0";"0";"0";"0";"0";"0";"0";"0";"0";"0";"0";"0";"0";"0";"0";"0";"0";"0";"0";"65";"1.4";"0.2";"13";"12";"";"1.7";"Zutaten: Gurken, Branntweinessig, Glukose-Fruktose-Sirup, Zucker, Honig, SENFSAAT, Salz, natürliches Aroma, Farbstoff Riboflavin";"";"";"3"
"46501";"Handelshof";"13077062";"KL";"Kundenlistung";"09.04.2024";"01.01.2050";"04012200046654";"2240140001";"580ML GUERKCHEN KUE";"";"Glas";"";"1 x 1 Glas";"Glas";"";" ";"SAUERKONSERVEN";"GURKEN";"Kühne";"";"0";"0";"4012200000007";"46650";"1";"EUR";" ";"3.487";"3.487";"1";"1";"0";"0";"0";"0";"0";"0";"0";"0";"0";"1";"0";"0";"0";"0";"0";"0";"0";"0";"0";"0";"0";"0";"0";"0";"0";"0";"0";"0";"0";"0";"0";"0";"0";"0";"0";"0";"0";"0";"0";"0";"0";"0";"0";"0";"0";"0";"0";"0";"0";"0";"0";"0";"0";"0";"0";"0";"0";"0";"0";"0";"0";"58";"1.4";"0.2";"11";"10";"";"2.6";"Zutaten: Gurken, Branntweinessig, Wasser, Glukose-Fruktose-Sirup, Zucker, Salz, Dill, Zwiebeln, schwarzer Pfeffer, SENFSAAT, natürliches Aroma, Farbstoff Riboflavin";"";"";"3"
"46501";"Handelshof";"13077062";"KL";"Kundenlistung";"09.04.2024";"01.01.2050";"04008122703034";"2201550001";"720ML APFELMUS FAV";"";"Glas";"";"1 x 1 Glas";"Glas";"";" ";"GEMUESE- / OBSTKONSERVEN";"OBST KONSERVEN";"Favorit";"";"0";"0";"4008122000003";"111705";"1";"EUR";" ";"1.261";"1.261";"1";"1";"0";"0";"0";"0";"0";"0";"0";"0";"0";"0";"0";"0";"0";"0";"0";"0";"0";"0";"0";"0";"0";"0";"0";"0";"0";"0";"0";"0";"0";"0";"0";"0";"1";"0";"0";"0";"0";"0";"0";"0";"0";"0";"0";"0";"0";"0";"0";"0";"0";"0";"0";"0";"0";"0";"0";"0";"0";"0";"0";"0";"0";"81";"0.3";"0.3";"19";"18.4";"";"0.01";"Zutaten: Äpfel, Zucker, Glukose-Fruktose-Sirup, Säuerungsmittel: Citronensäure, Antioxidationsmittel: Ascorbinsäure";"";"";"3"
"46501";"Handelshof";"13077062";"KL";"Kundenlistung";"09.04.2024";"01.01.2050";"04311501712238";"2200700001";"720ML APFELMUS OHNE ZUCKERZUSATZ     G&G";"";"Glas";"";"1 x 1 Glas";"Glas";"";" ";"GEMUESE- / OBSTKONSERVEN";"OBST KONSERVEN";"EDEKA RHEIN-RUHR";"";"0";"0";"4313705000005";"4683079007";"1";"EUR";" ";"0.88";"0.88";"1";"1";"0";"0";"0";"0";"0";"0";"0";"0";"0";"0";"0";"0";"0";"0";"0";"0";"0";"0";"0";"0";"0";"0";"0";"0";"0";"0";"0";"0";"0";"0";"0";"0";"0";"0";"0";"0";"0";"0";"0";"0";"0";"0";"0";"0";"0";"0";"0";"0";"0";"0";"0";"0";"0";"0";"0";"0";"0";"0";"0";"0";"0";"";"";"";"";"";"";"";"";"";"";"3"
"46501";"Handelshof";"13077062";"KL";"Kundenlistung";"09.04.2024";"01.01.2050";"00000040804743";"2257500001";"720ML APFELROTKOHL KUE";"";"Glas";"";"1 x 1 Glas";"Glas";"";" ";"SAUERKONSERVEN";"SAUERKRAUT/ROTKOHL";"Kühne";"";"0";"0";"4012200000007";"46140";"1";"EUR";" ";"2.109";"2.109";"1";"1";"0";"0";"0";"0";"0";"0";"0";"0";"0";"0";"0";"0";"0";"0";"0";"0";"0";"0";"0";"0";"0";"0";"0";"0";"0";"0";"0";"0";"0";"0";"0";"0";"0";"0";"0";"0";"0";"0";"0";"0";"0";"0";"0";"0";"0";"0";"0";"0";"0";"0";"0";"0";"0";"0";"0";"0";"0";"0";"0";"0";"0";"50";"1.3";"0.1";"9";"8.1";"";"1.1";"Zutaten: Rotkohl, Branntweinessig, Apfelsaft aus Konzentrat, Glukose-Fruktose-Sirup, Äpfel 3 %, Zucker, Salz, Johannisbeersaft aus Konzentrat 1 %";"";"";"3"
"46501";"Handelshof";"13077062";"KL";"Kundenlistung";"09.04.2024";"01.01.2050";"00000040804583";"2253300001";"720ML DILLSCHNITTEN KUE";"";"Glas";"";"1 x 1 Glas";"Glas";"";" ";"SAUERKONSERVEN";"GURKEN";"Kühne";"";"0";"0";"4012200000007";"40870";"1";"EUR";" ";"2.427";"2.427";"1";"1";"0";"0";"0";"0";"0";"0";"0";"0";"0";"1";"0";"0";"0";"0";"0";"0";"0";"0";"0";"0";"0";"0";"0";"0";"0";"0";"0";"0";"0";"0";"0";"0";"0";"0";"0";"0";"0";"0";"0";"0";"0";"0";"0";"0";"0";"0";"0";"0";"0";"0";"0";"0";"0";"0";"0";"0";"0";"0";"0";"0";"0";"44";"0.6";"0.1";"8.9";"8.5";"";"1.4";"Zutaten: Gurken, Branntweinessig, Glukose-Fruktose-Sirup, Zucker, SENFSAAT, Paprika, Zwiebeln, Dill, Salz, natürliches Aroma, Antioxidationsmittel Ascorbinsäure, Farbstoff Riboflavin";"";"";"3"
"46501";"Handelshof";"13077062";"KL";"Kundenlistung";"09.04.2024";"01.01.2050";"04012200505359";"2241470001";"720ML FASSKRAUT TRADITIONELL     KUE";"";"Glas";"";"1 x 1 Glas";"Glas";"";" ";"SAUERKONSERVEN";"SAUERKRAUT/ROTKOHL";"Kühne";"";"0";"0";"4012200000007";"50535";"1";"EUR";" ";"2.427";"2.427";"1";"1";"0";"0";"0";"0";"0";"0";"0";"0";"0";"0";"0";"0";"0";"0";"0";"0";"0";"0";"0";"0";"0";"0";"0";"0";"0";"0";"0";"0";"0";"0";"0";"0";"0";"0";"0";"0";"0";"0";"0";"0";"0";"0";"0";"0";"0";"0";"0";"0";"0";"0";"0";"0";"0";"0";"0";"0";"0";"0";"0";"0";"0";"34";"1.3";"0.3";"4.3";"1.3";"";"1";"Zutaten: Weißkohl, Salz";"";"";"3"
"46501";"Handelshof";"13077062";"KL";"Kundenlistung";"09.04.2024";"01.01.2050";"04012200505335";"2241480001";"720ML FASSKRAUT 2 MINUTEN        KUE";"";"Glas";"";"1 x 1 Glas";"Glas";"";" ";"SAUERKONSERVEN";"SAUERKRAUT/ROTKOHL";"Kühne";"";"0";"0";"4012200000007";"50533";"1";"EUR";" ";"2.109";"2.109";"1";"1";"0";"0";"0";"0";"0";"0";"0";"0";"0";"0";"0";"0";"0";"0";"0";"0";"0";"0";"0";"0";"0";"0";"0";"0";"0";"0";"0";"0";"0";"0";"0";"0";"0";"0";"0";"0";"0";"0";"0";"0";"0";"0";"0";"0";"0";"0";"0";"0";"0";"0";"0";"0";"0";"0";"0";"0";"0";"0";"0";"0";"0";"45";"1.3";"0.9";"6";"3.6";"";"1.3";"Zutaten: Sauerkraut 90% (Weißkohl, Salz), Rapsöl, modifizierte Stärke, Zucker, natürliches Aroma";"";"";"3"
"46501";"Handelshof";"13077062";"KL";"Kundenlistung";"09.04.2024";"01.01.2050";"00000040804651";"2252500001";"720ML GEWUERZGURKEN KUE";"";"Glas";"";"1 x 1 Glas";"Glas";"";" ";"SAUERKONSERVEN";"GURKEN";"Kühne";"";"0";"0";"4012200000007";"40270";"1";"EUR";" ";"2.427";"2.427";"1";"1";"0";"0";"0";"0";"0";"0";"0";"0";"0";"1";"0";"0";"0";"0";"0";"0";"0";"0";"0";"0";"0";"0";"0";"0";"0";"0";"0";"0";"0";"0";"0";"0";"0";"0";"0";"0";"0";"0";"0";"0";"0";"0";"0";"0";"0";"0";"0";"0";"0";"0";"0";"0";"0";"0";"0";"0";"0";"0";"0";"0";"0";"30";"0.9";"0.2";"4.9";"4.7";"";"1.6";"Zutaten: Gurken, Branntweinessig, Glukose-Fruktose-Sirup, Dill, Zwiebeln, Paprika, SENFSAAT, Salz, Zucker, natürliches Aroma";"";"";"3"
"46501";"Handelshof";"13077062";"KL";"Kundenlistung";"09.04.2024";"01.01.2050";"09000331014272";"2423330012";"75G MANNER WAFFELN NEAPOLITANER";"";"Gebinde";"";"1 x 12 Riegel";"Riegel";"";" ";"GEBAECK / KNABBERARTIKEL";"RESTL. GEBAECK";"Manner";"";"0";"0";"9000331000107";"1427";"12";"EUR";" ";"8.772";"0.731";"1";"1";"0";"0";"0";"0";"0";"0";"1";"1";"0";"0";"0";"0";"0";"0";"1";"0";"0";"0";"0";"0";"0";"1";"0";"0";"0";"0";"0";"0";"0";"0";"0";"0";"0";"0";"0";"0";"0";"0";"0";"0";"0";"0";"0";"0";"0";"0";"0";"0";"0";"0";"0";"0";"0";"0";"0";"0";"0";"0";"0";"0";"0";"485";"5.6";"21.6";"65.3";"45.9";"";"0.1";"Zucker, WEIZENMEHL, Pflanzenfette (Kokos, Palm), HASELNÜSSE (12 % in der Creme), mageres Kakaopulver, Backtriebmittel: Natriumhydrogencarbonat, Salz, Emulgator: SOJALECITHIN, natürliches Aroma. Kann Spuren von anderen Nüssen und Milchbestandteilen enthalten.";"";"";"3"
"46501";"Handelshof";"13077062";"KL";"Kundenlistung";"09.04.2024";"01.01.2050";"04002268864109";"1150610001";"750G TRIO PICANTE";"";"Schale";"";"1 x 1 Schale";"Schale";"";" ";"CONVENIENCE";"CONVENIENCE ANTIPASTII    E";"Kühlmann Antipasti G";"";"0";"0";"4002268000002";"86410";"1";"EUR";" ";"9.529";"9.529";"1";"1";"0";"0";"0";"0";"0";"0";"1";"0";"0";"0";"0";"0";"0";"0";"0";"0";"0";"0";"0";"0";"0";"0";"0";"0";"0";"0";"0";"0";"0";"0";"0";"0";"1";"0";"0";"0";"0";"0";"0";"0";"0";"0";"0";"0";"0";"0";"0";"0";"0";"0";"0";"0";"0";"0";"0";"0";"0";"0";"0";"0";"0";"286";"2.6";"27.4";"6.4";"5";"";"1.7";"Zutaten: Frischkäse (MILCH) 33 %, Rapsöl 20 %, rote Peperoni 16 %, Kirschpaprika 14 %, grüne Peperoni 12 %, Kräuter, jodiertes Speisesalz (Speisesalz, Kaliumjodat), Stärke, Branntweinessig, Zucker, Knoblauch, Gewürze, Chili, Säuerungsmittel: Citronensäure, Festigungsmittel: Calciumchlorid,Antioxidationsmittel: Ascorbinsäure";"";"";"3"
"46501";"Handelshof";"13077062";"KL";"Kundenlistung";"09.04.2024";"01.01.2050";"04015000971157";"3719120001";"750ML BREF POWER KALK&SCHMUTZ";"";"Flasche";"";"1 x 1 Flasche";"Flasche";"";" ";"PUTZ-/REINIGUNGSM./SCHAEDL.";"SONST. SPEZIALREINIGER";"HENKEL WASCH - UND";"";"0";"0";"4017444000004";"BPKS8";"1";"EUR";" ";"2.639";"2.639";"1";"2";"0";"0";"0";"0";"0";"0";"0";"0";"0";"0";"0";"0";"0";"0";"0";"0";"0";"0";"0";"0";"0";"0";"0";"0";"0";"0";"0";"0";"0";"0";"0";"0";"0";"0";"0";"0";"0";"0";"0";"0";"0";"0";"0";"0";"0";"0";"0";"0";"0";"0";"0";"0";"0";"0";"0";"0";"0";"0";"0";"0";"0";"";"";"";"";"";"";"";"";"";"";"3"
"46501";"Handelshof";"13077062";"KL";"Kundenlistung";"09.04.2024";"01.01.2050";"04000405005316";"1649360001";"80 GR.VEGANE MUEHLEN SALAMI";"";"Packung";"";"1 x 1 Packung";"Packung";"";" ";"WURST UND SCHINKEN";"ROH-AUFSCHNITT BIS 200G.GES";"Vegetarische Salami";"";"0";"0";"4000405000007";"531";"1";"EUR";" ";"1.685";"1.685";"1";"1";"1";"0";"1";"0";"0";"1";"0";"0";"0";"0";"0";"0";"0";"0";"1";"0";"0";"0";"0";"0";"0";"0";"0";"0";"0";"0";"0";"0";"0";"0";"0";"0";"0";"0";"0";"0";"0";"0";"0";"0";"0";"0";"0";"0";"0";"0";"0";"0";"0";"1";"0";"0";"0";"0";"0";"0";"0";"0";"0";"0";"0";"177";"15";"11";"3.5";"1.7";"";"2.7";"Zutaten: Trinkwasser, Rapsöl, WEIZENGLUTEN (9%), EIKLAR getrocknet, Verdickungsmittel: Carrageen, Xanthan, Johannisbrotkernmehl; Aroma, Kochsalz, WEIZENMEHL (2%), Traubenzucker, modifizierte Stärke, Gewürze, Farbstoffe: Eisenoxid, Carotin. Kann Spuren von Soja enthalten. Wir verwenden Eier aus Freilandhaltung.";"";"";"3"
"46501";"Handelshof";"13077062";"KL";"Kundenlistung";"09.04.2024";"01.01.2050";"05707196115154";"1218730001";"80X25G PARTY- FRIKADELLE";"";"Beutel";"";"1 x 1 Beutel";"Beutel";"";" ";"TK FERTIGGER./FLEISCHGER.";"FRIKADELLEN";"TULIP FOODSERVICE";"";"0";"0";"4003588000017";"80002259";"1";"EUR";" ";"16.949";"16.949";"1";"1";"1";"0";"1";"0";"0";"0";"0";"0";"0";"0";"0";"0";"0";"0";"0";"0";"0";"0";"0";"0";"0";"0";"0";"0";"0";"0";"0";"0";"0";"1";"0";"0";"0";"0";"0";"0";"0";"0";"0";"0";"0";"0";"0";"0";"0";"0";"0";"0";"0";"0";"0";"0";"0";"0";"0";"0";"0";"0";"0";"0";"0";"264";"13";"19";"10";"1";"";"1.7";"Zutaten: Schweinefleisch z.T. fein zerkleinert (58 %), Rindfleisch z.T. feinzerkleinert (17 %), Paniermehl (WEIZENMEHL, Wasser, Speisesalz, Hefe), Zwiebeln, Rinderfett, VOLLEI, Speisesalz, Gewürze.";"";"";"3"
"46501";"Handelshof";"13077062";"KL";"Kundenlistung";"09.04.2024";"01.01.2050";"04260066160490";"1123620001";"800G GARNELEN GESCH./BLANCH. 8/12";"";"Beutel";"";"1 x 1 Beutel";"Beutel";"";" ";"TK FISCH";"GARNELEN/SHRIMPS";"H";"";"0";"0";"4260066160001";"1049";"1";"EUR";" ";"22.567";"22.567";"1";"1";"0";"1";"0";"0";"0";"0";"0";"0";"0";"0";"0";"0";"0";"0";"0";"0";"0";"0";"0";"0";"0";"0";"0";"0";"0";"0";"0";"0";"0";"0";"0";"0";"0";"0";"0";"0";"0";"1";"0";"0";"0";"0";"0";"0";"0";"0";"0";"0";"0";"0";"0";"0";"0";"0";"0";"0";"0";"0";"0";"0";"0";"57";"12";"1";"0";"0";"";"1.3";"Zutaten: GARNELEN (85%), Trinkwasser, Salz, Säureregulator (E330, E331, E332), Stabilisator (E450, E451, E452)";"";"";"3"
"46501";"Handelshof";"13077062";"KL";"Kundenlistung";"09.04.2024";"01.01.2050";"04316734032290";"1629490001";"800G KICHERERBSEN IN LAKE          DOY";"";"Dose";"";"1 x 1 Dose";"Dose";"";" ";"FEINK.-SPEZ./TROCK.FRUECHTE";"ASIEN";"DOYAL";"";"0";"0";"4316734000008";"3229";"1";"EUR";" ";"1.579";"1.579";"1";"1";"0";"0";"0";"0";"0";"0";"0";"0";"0";"0";"0";"0";"0";"0";"0";"0";"0";"0";"0";"0";"0";"0";"0";"0";"0";"0";"0";"0";"0";"0";"0";"0";"0";"0";"0";"0";"0";"0";"0";"0";"0";"0";"0";"0";"0";"0";"0";"0";"0";"0";"0";"0";"0";"0";"0";"0";"0";"0";"0";"0";"0";"139";"7";"0.9";"23";"0.5";"";"0.19";"Zutaten: Kichererbsen, Wasser, Salz.";"";"";"3"
"46501";"Handelshof";"13077062";"KL";"Kundenlistung";"09.04.2024";"01.01.2050";"08002461910036";"1334590001";"800ML CREMACETO CLASSICO         MAZ";"";"Flasche";"";"1 x 1 Flasche";"Flasche";"";" ";"ESSIG / ZITRONENSAFT";"BALSAMICO";"Mazzetti";"";"0";"0";"4008934000000";"102800670";"1";"EUR";" ";"10.165";"10.165";"1";"1";"0";"0";"0";"0";"0";"0";"0";"0";"0";"0";"0";"0";"0";"0";"0";"0";"0";"0";"0";"0";"0";"0";"0";"0";"0";"0";"0";"0";"0";"0";"0";"0";"0";"0";"0";"0";"0";"0";"0";"0";"0";"0";"0";"0";"0";"0";"0";"0";"0";"0";"0";"0";"0";"0";"0";"0";"0";"0";"0";"0";"0";"263";"0.6";"0";"64.5";"40.14";"";"0.06";"Zutaten:";"";"";"3"
"46501";"Handelshof";"13077062";"KL";"Kundenlistung";"09.04.2024";"01.01.2050";"04005500301004";"2152800001";"810ML MAGGI WUERZE";"";"Flasche";"";"1 x 1 Flasche";"Flasche";"";" ";"TROCKENSUPPEN UND SAUCEN";"WUERZE/WUERZMISCHUNGEN GV";"MAGGI";"";"0";"0";"4005507000009";"11801129";"1";"EUR";" ";"6.349";"6.349";"1";"1";"1";"0";"0";"0";"0";"0";"0";"0";"0";"0";"0";"0";"0";"0";"1";"0";"0";"0";"0";"0";"0";"0";"0";"0";"0";"0";"0";"0";"0";"0";"0";"0";"0";"1";"0";"0";"0";"0";"0";"0";"0";"0";"0";"0";"0";"0";"0";"0";"0";"0";"0";"0";"0";"0";"0";"0";"0";"0";"0";"0";"0";"102";"18";"0";"7.4";"5.1";"";"24.9";"Zutaten:Pflanzliches Eiweiß, biologisch aufgeschlossen (Wasser, WEIZENPROTEIN, Salz), Wasser, Aromen (mit WEIZEN), Geschmacksverstärker (Mononatriumglutamat Mononatriumglutamat,Dinatriuminosinat), Salz, Zucker.";"";"";"3"
"46501";"Handelshof";"13077062";"KL";"Kundenlistung";"09.04.2024";"01.01.2050";"00000040298146";"2174300001";"850G GRUENER PFEFFER IN DOSE           FU";"";"Dose";"";"1 x 1 Dose";"Dose";"";" ";"GEWUERZE";"GV-PACKUNGEN";"Fuchs";"";"0";"0";"4041974000005";"10161038";"1";"EUR";" ";"10.589";"10.589";"1";"1";"0";"0";"0";"0";"0";"0";"0";"0";"0";"0";"0";"0";"0";"0";"0";"0";"0";"0";"0";"0";"0";"0";"0";"0";"0";"0";"0";"0";"0";"0";"0";"0";"0";"0";"0";"0";"0";"0";"0";"0";"0";"0";"0";"0";"0";"0";"0";"0";"0";"0";"0";"0";"0";"0";"0";"0";"0";"0";"0";"0";"0";"120";"3.9";"0.8";"23.3";"22.1";"";"2.5";"Zutaten: Grüner Pfeffer, Wasser, Branntweinessig, Zucker, Speisesalz.";"";"";"3"
"46501";"Handelshof";"13077062";"KL";"Kundenlistung";"09.04.2024";"01.01.2050";"04316734032061";"1373370001";"850G MANGOPUEREE DOY";"";"Dose";"";"1 x 1 Dose";"Dose";"";" ";"FEINK.-SPEZ./TROCK.FRUECHTE";"ASIEN";"DOYAL";"";"0";"0";"4316734000008";"3206";"1";"EUR";" ";"3.487";"3.487";"1";"1";"0";"0";"0";"0";"0";"1";"0";"0";"0";"0";"0";"0";"0";"0";"0";"0";"0";"0";"0";"0";"0";"0";"0";"0";"0";"0";"0";"0";"0";"0";"0";"0";"0";"0";"0";"0";"0";"0";"0";"0";"0";"0";"0";"0";"0";"0";"0";"0";"0";"0";"0";"0";"0";"0";"0";"0";"0";"0";"0";"0";"0";"111";"0.8";"0.5";"26";"25";"";"0.01";"Zutaten: Kesar Mangopüree 90%, Zucker, Säuerungsmittel: Citronensäure (E330). Kann Spuren von SOJA enthalten.";"";"";"3"
"46501";"Handelshof";"13077062";"KL";"Kundenlistung";"09.04.2024";"01.01.2050";"04311596616220";"2221530001";"850ML TOMATENMARK 2-FACH KONZ.     EFS";"";"Dose";"";"1 x 1 Dose";"Dose";"";" ";"GEMUESE- / OBSTKONSERVEN";"TOMATENKONSERVEN";"EDEKA EINKAUFSKONTOR";"";"0";"0";"4311502990109";"4204314008";"1";"EUR";" ";"2.745";"2.745";"1";"1";"0";"0";"0";"0";"0";"0";"0";"0";"0";"0";"0";"0";"0";"0";"0";"0";"0";"0";"0";"0";"0";"0";"0";"0";"0";"0";"0";"0";"0";"0";"0";"0";"0";"0";"0";"0";"0";"0";"0";"0";"0";"0";"0";"0";"0";"0";"0";"0";"0";"0";"0";"0";"0";"0";"0";"0";"0";"0";"0";"0";"0";"";"";"";"";"";"";"";"";"";"";"3"